FSC-A	BSC-A	Violet
413856.1	415470.6	482.3855
409500	167130.4	250.5397
72134.55	66487.56	163.9799
102128.1	76422.06	106.0704
364135.2	167751	346.7057
699991.1	355006.5	335.9456
334515.3	130835.2	190.3484
504949.6	585567.6	824.3075
89512.36	86159.48	167.0783
223760.8	163381.3	246.1838
183682.6	134331	204.2976
365811.3	182716.2	327.6617
271989.6	179018.1	236.6943
136733.6	116882.6	148.7993
569338.3	396415.9	930.7927
120843.9	86850.48	127.9274
416817.2	305875	265.6815
168760.9	164566	115.1191
167541.5	109497.4	312.2347
180610.9	100254.4	135.2131
376864	192072.9	308.0085
266267.6	111359.4	186.6019
176896.3	133983	261.7664
347426.7	188138.4	228.1641
242474.3	173138.6	119.2676
237055.1	73265.38	98.91431
259836.2	117759.6	214.1501
177708	137646.9	172.0564
258983.4	145819.9	133.7352
372780.2	259956.5	485.7431
563275.1	214928.7	296.1466
327709	122736.3	184.048
445932	187119.1	226.6991
97014.79	108365.6	57.06694
352052.3	111109.2	16.98267
237820.4	129060.9	201.0177
562100.2	414960.8	416.3994
299290.1	129305.5	142.5118
740450.3	287875.2	698.8821
401306.4	142819.4	140.6061
295255.8	194878.2	467.5159
253193.1	137306.8	322.8132
187271.2	97346.65	108.0927
396756.4	256380.2	304.7287
618982.6	329714.6	759.3715
233269.6	133549.1	181.6627
320770.3	149201.5	206.9681
237260.4	161480.5	307.6196
273827.2	154116	314.5553
414129.8	354409.7	337.5402
100697.8	79190.55	151.5865
339590	238849.3	431.5282
262544.4	111251.6	159.1833
129386.7	177651.8	51.95918
167556.5	110436.9	189.9077
290010	98301.18	189.5966
536777.9	285061.8	378.0912
443229.4	233869	246.2098
266082.8	171840.2	236.3572
216019.7	372543.9	357.8027
112611.3	100813.5	135.7317
85858.15	71597.59	-6.248584
110707.9	68054.02	87.25979
83141.13	178858.7	1364.304
214993.7	183897.4	88.46542
70503.66	34991.73	90.81189
164444.9	84687.23	140.8654
73549.8	98952.73	40.09724
314367.5	193436.2	287.9405
135299.5	95895.52	57.10583
322428.8	159544.8	173.9621
104010.5	65060.16	24.38503
344718.3	211154	353.6672
122776.9	142074.2	122.2363
150874.1	165664.2	20.13288
177690	107437.1	102.2719
476301.1	417203.4	365.3866
464651.3	260867.5	443.8958
360926.6	247019	462.3434
282354.7	167932.7	206.7218
168960.4	92353.05	111.567
164998.4	124438	100.4181
258970.5	86468.27	108.4687
120979.1	71293.69	119.0861
316240.6	211783.8	151.0809
344923.9	140311.4	219.0245
549650.1	164686.5	84.84851
548002.7	332262.4	852.2705
304485.6	181757.8	109.6484
364376	183432.9	299.0894
127239.4	134319.5	281.5622
421960	245259.8	261.9608
289674.9	147055.5	87.71352
135709	130463.3	148.164
303538.8	163554.2	261.3386
143328.1	105342.2	66.01201
385912.7	307623.9	240.2593
403091.9	250770.8	377.1967
126050.6	92595.8	74.17924
251074.6	277368.1	151.405
307861	199340.3	227.2436
386867.3	202517	261.0793
268295.8	132338.3	229.4216
321526.8	127647	249.0748
225945.2	128708.6	286.6959
279285	324012.7	176.7623
411126.3	250252.5	282.7549
668659.9	452377.6	620.2303
312332.9	179754.8	301.0599
590247.4	243806.1	220.295
105214.3	119274.3	118.6323
302110.3	233578.8	257.5661
249414.1	126792.1	113.5764
238827	145165.8	258.9143
502993.4	207699.6	469.9402
681051.1	697772.6	1083.792
160927.2	97348.89	82.81318
268112.4	147722.5	286.8126
157516.5	78562.35	79.11848
634998.7	305420.5	156.1239
87809.68	118686.8	154.4256
287608.2	153881.1	112.9282
455225.7	579835.9	870.783
301854.1	176855.3	313.3626
282265.2	109514.8	187.0167
90583	82924.28	79.94817
297660.7	132449.8	111.7356
146401.7	129995.7	178.2532
491678.1	354444.6	537.5338
278581	182792.4	231.6254
121904.4	116928.3	172.0824
242620.7	191232.5	312.6755
168766.5	130200.4	91.31747
350916.2	217022.9	316.6295
406913.5	167894	224.223
172120	168860.4	96.36042
785799.1	335939	770.9741
186037.7	140354.1	195.8192
219309.8	151573.4	317.7184
178671	183267.9	311.6125
251828.6	153698.8	159.6111
295360.4	119819.6	287.733
331516	156949.3	311.8458
507644.7	239565.7	446.7867
130318.1	350791	323.9152
1710511	966600.3	1996.085
152901.9	148615.8	102.959
110619.4	105163.4	111.943
120629.6	69439.58	116.4544
314559.4	148825.7	204.0513
426554.5	156889.5	219.4135
140704.3	132934.3	159.8056
454060.2	190312.7	396.2665
426218.9	163969.6	241.7891
255295.4	141955.8	288.1479
236675.8	175339	269.1947
71694.73	68565.84	78.61289
375055.4	261469.8	346.5112
121374.7	83695.05	115.4821
335683.1	167533.9	317.4981
368842.2	275526.1	411.175
132360.4	67000.34	137.3522
106346.7	60817.88	49.49604
101815.1	100699.5	154.8275
402446.6	156730.4	149.4604
263802.6	149719.9	178.2143
106134.6	269824.3	315.1127
696528.7	395926.9	622.3823
342855.3	158753	254.8178
290639.4	172893.4	309.5642
184010.4	96741.87	226.375
140522.3	70546.28	123.9994
593779	449316.1	575.6994
140219.5	73679.02	158.224
510476.7	230252.7	408.1025
102068	66164.97	24.25539
92756.65	68761.53	121.2899
68616.36	46296.09	57.97441
273804.3	142499	239.287
301878.9	106829.2	162.3595
235613.7	250062.3	196.8952
529749.6	334828.2	312.5847
308143.5	106590.6	252.3157
493435.9	305482.3	412.3417
374546.2	211268.9	315.4368
77692.57	82082.64	121.0177
142472.5	117717.7	270.7115
164655.4	128664.5	43.54563
136743.3	94538.53	8.711719
338878.8	276108.9	261.5979
156139.5	77841.77	123.8957
220531	120541.3	149.9271
405312.4	171239.4	34.92466
252128.9	216763.7	374.0594
133971	131996.2	179.731
212811.9	246789.5	215.8484
483839	211012.4	442.2234
216504.1	166078.2	211.9463
394303.2	177687.7	345.6556
291252.7	176685.9	198.8657
343414	130711.8	123.3901
124034.6	121516.8	58.72632
378626.8	241317.1	140.7487
208535.6	157547.3	163.3188
131085.2	141459.3	169.1396
486089.6	240331.9	316.0331
380381.6	232581.2	337.7346
242544.4	186711.6	215.5761
203605.4	262112.4	492.588
435278.1	118340.5	199.488
377491.4	317929.3	750.0504
413285.6	192580.8	478.8853
451189.7	261792.7	386.6473
117118	93853.03	180.7811
312807.4	198552	309.0067
271099.6	137112.1	185.6815
278378.8	142169.1	334.1048
76671.35	52706.97	113.0838
287692.2	125230	296.7299
332844.5	383225.3	576.218
439310.8	252370	340.133
307848.8	205636.3	209.9369
80338.96	60929.94	38.87864
257537.7	124780.3	260.3274
472333	211489.2	563.2022
368488.4	211502.7	250.46190000000001
195723.2	138742.3	160.5704
77438.18	62923.36	40.51208
113264.1	150286.8	181.909
137743.7	120723.8	209.3924
386259.8	495520.6	470.1865
312475.1	162411.2	632.8052
243440.6	146680.6	193.369
543073.4	392218	719.3131
331950.2	350051.4	193.7839
78219.99	71226.79	29.07795
91233.23	73194.88	111.9041
442698.2	403883.5	451.0518
293760	186652.4	235.9424
316235.2	374635.3	618.2728
352331.1	263309.3	379.5172
232994.7	119852.8	204.2328
403826.4	197947.7	107.9112
273135.9	146637.2	342.259
506755.8	254103.6	504.45
107777.9	228757	334.5326
381005.9	206059	375.4465
182596.8	137415	238.7166
279072.8	126029.4	154.0496
277535.2	161249.7	221.5654
337473.2	185041.2	124.2198
303030.4	131352.6	397.5499
261611	117772.2	217.08
517606.1	210871.5	408.4655
113484.4	62038.09	16.3604
431377.8	239014.1	208.809
304608.8	187062.8	195.7933
198551.2	206801.5	389.2142
381082.8	216001	586.6668
230547	107752.4	205.3347
113249.7	85557.3	130.8184
307745.8	252686.8	281.5882
241569.5	109450	115.0154
305472.7	247299	259.3681
169355.8	120409.3	175.7382
311025.1	150094.1	166.106
258786.9	153640.1	331.3694
408572.5	264869.9	225.0657
155798.1	88492.34	104.061
470858.9	217185.1	298.3634
76860.56	69217.22	62.00618
262525.9	168440.9	286.5533
953737.6	587635.1	624.5991
702727.8	599381	1033.829
446065.3	285300.5	473.5441
444412.4	277309.6	523.1957
397984.8	186883.8	341.8053
396808.5	225882.7	560.065
503491.3	321910.3	492.8603
755094.2	426276.2	694.2799
247526.6	110228.1	98.27908
616217.9	488243.1	413.2751
342422.1	173618.2	300.321
339e3	331751.2	639.715
148886.8	81371	103.698
364655	255118.8	497.6569
351479.1	154352.1	122.8715
347181.7	164676.4	220.632
529430.4	386144.3	214.902
223942	92479.66	110.504
361681.2	160022.8	97.66977
399941.1	200084.6	335.829
331298.9	207274.8	389.7198
165054.4	97082.3	173.4306
412609.5	220511.4	368.2127
347551.9	186626.2	267.4446
179785.1	169553.6	168.3747
410701.9	354405	539.1024
97553.46	65301.47	157.4332
190157.5	138645.3	232.6625
102475.2	90212.89	118.6194
213895.3	124895.2	178.5254
381804.9	179628.7	377.6504
316092.1	167769.1	113.032
106905.5	86782.77	39.6824
179026.6	121203.9	144.0545
109517.7	93636.63	52.52959
271438.8	110758.1	223.4582
85484.87	49029.98	74.34778
284983.7	130486.6	132.4518
114331.3	177331.5	281.4196
191457.5	84626.41	133.476
313626.1	216891	203.3512
79221.53	83829.19	121.1214
279775.6	158530.5	267.2501
421907.3	285242.9	550.8607
96624.63	133718.4	141.4487
297971.8	159380.7	106.9389
395615.8	199434.5	409.4378
285723.8	174948.7	215.8224
322491.1	199827.7	347.8335
796248.1	467493.9	794.5943
656790.3	616901.5	521.5623
199909.1	96885.88	110.6596
110617.5	61759.33	-23.03679
327793.6	167959.5	291.0129
305558.4	96430.67	239.9871
347748.7	183983.8	263.3869
154711.7	159994	125.2828
92977.73	153499.3	188.0409
330958.3	133446.3	149.24
241835	311797.7	318.0815
365279.1	191313.8	248.4266
192125.8	119445.4	173.7158
255924.5	130779.2	170.5267
128558.6	69773.41	134.526
428409.5	231193.9	264.0092
187888.6	117138	212.5685
91110.7	72539.86	181.2867
276485.9	104678.8	138.6875
182396.5	100341.6	218.1041
320819.3	186591.7	273.7709
682160.6	273486.2	656.4384
404875	209426	343.7888
114249.6	136744.2	131.8036
111479.1	122681.7	37.94524
153041.6	107592.1	117.4397
110596.4	91010.67	186.7575
263918.8	162942.2	283.1957
344862.3	175116.4	151.3402
181343.8	154995.3	279.6306
132157.6	111690.7	136.1336
149151.5	86063.37	198.386
85281.14	57694	70.679
333018.1	331140.3	387.3863
103558.9	72512.64	73.16807
424075.9	369976.1	344.5277
177854.5	154480.9	149.0197
833449.7	713159	928.5759
234522.4	82638.71	87.71352
129173	73131.37	89.60625
151459.4	126244	76.47385
252063.5	135705.5	293.9557
182622.7	111241.2	170.3711
332669.3	194299.5	198.8009
271807.8	140806	197.686
721472.6	336693.4	467.5419
476647.8	186800.6	199.2157
362466.3	224336.5	255.1548
581217.6	287781.2	650.5657
292401.7	86057.53	197.2323
344518.8	249264.6	284.0124
346186.7	224600.8	167.0654
183232.1	143827.9	256.8401
104100.3	182217.6	70.79568
291031.6	370985.2	813.9105
204313.7	200402.8	305.2472
995313	402768.4	428.8188
252653.2	159476.5	172.3935
666866.8	266387.6	351.3856
257695.3	110841.9	166.6375
292774.4	191312.3	220.1135
491401.2	414488.6	686.2941
337988.7	210159.7	264.3462
360321.6	800829.9	2325.381
283263.9	117621.3	144.3267
613340.1	488498.4	437.1027
449379.2	293920.4	419.3422
261828	116185.1	152.468
238578.2	163485.6	244.0707
450732	250882.6	254.5196
320165.1	165977.8	302.7581
118868.5	84193.64	54.51306
205744	135177.3	216.0428
315755.8	179328.9	543.0693
288386.8	127901.4	173.0287
429769.4	157106.7	481.478
149201.7	98344.05	176.0882
354187.7	185843	232.2347
333437	246123.7	241.9446
125900.2	107957	101.4423
646048.2	233500.8	196.4415
250651.2	133638.4	321.4002
367042.5	186906.6	239.7019
208425.6	103814.8	69.35669
168739.1	219217.8	302.4989
87948.59	89375.4	75.35896
265202.7	371827.9	319.0926
213650.3	102160	118.7361
340964.3	238402.9	369.1461
108018.3	94807.39	86.11897
217226	157415.5	307.9955
208180.5	106458.6	96.02336
306237.4	166783.2	242.4113
122288.1	99115.88	99.83474
414437.8	170462.9	137.2874
296596.9	527514.4	674.5229
138734.3	121792.8	222.9007
147341.4	109294.4	50.32573
432057	313112.8	522.1716
742422.4	543153.4	572.0695
156943.6	111776.5	189.4799
327167.9	133285.4	153.0255
106424.4	101811	22.89419
743658.9	385901.6	591.8913
176439.4	97528.16	227.2436
275851.7	131760.5	238.0685
219260	209591.7	283.0271
396403.7	113861.8	224.0156
195760.6	127327.6	191.9171
266323	125112.9	354.3543
154881.7	102298.6	190.867
117222.6	128567.4	162.6965
252338.3	120977.5	141.6043
155079.2	108655.8	201.3677
753253.8	646434.5	1014.163
1023711	500402.8	761.4197
245407	172843.9	278.6065
107182.8	86418.38	80.84267
128192.1	103124.9	123.3382
133775.5	104151.4	106.6019
664653.2	391486.5	961.6597
326884.5	125901.2	265.0463
109965.9	90707.61	92.95093
151622.2	154688.9	164.1096
150304.3	83207.73	128.9257
75777.11	60195.69	86.1449
217638.1	158648.9	159.2741
290853.6	164667.3	336.192
779226.5	299496.8	439.501
350372.9	165767.8	280.8103
130564.5	88956.9	46.16433
434296.3	183066.7	398.0037
352024.4	185725.7	360.927
292646.2	178306	570.5268
239913.7	178756.7	123.3901
202454.1	152557.6	135.6539
81966.73	86037.83	109.8428
978288.1	483031.6	695.0318
383886	299029.9	283.1179
432808	282823.1	306.9973
157205.4	136093.2	184.7999
506243.3	399776.3	616.1726
152235.3	76778.91	150.8216
695570.9	668712.3	848.0184
454622.4	247428.4	194.082
282631.4	132441.5	24.46282
170836.9	145159	232.8311
190775.4	142818	247.7006
117261.2	87108.16	136.0039
213194.8	117545.2	102.6479
330126.8	214200.4	328.8414
316054.9	128933.9	242.8781
331447.5	759361.1	4262.831
209841.5	98449.72	71.05495
155850	125943	144.8842
119867.5	61802.3	46.78659
289288.2	181402.4	129.9757
134984.7	99640.77	45.71059
277013.8	124839.8	371.0129
216278.6	219552.9	400.1298
266299.6	97017.94	257.5531
117503.9	108850.9	173.0028
221769.6	127079.3	106.4982
250649.7	143502.5	176.7494
344456.1	156739.6	345.163
210790.9	138572.2	291.8037
237250.9	145137.4	270.4651
770113.3	710656.8	1220.198
272167	96762.29	208.0571
332074.8	198244	225.7787
281860.9	144591.6	361.5623
250820.1	188297.8	330.6045
465321	279037.4	448.6405
241594.1	88894.84	207.3052
219750.5	94364.08	320.739
220035.3	126645.5	149.9142
271380.9	129523.4	195.2358
222888.9	107469.7	215.8354
263280.7	210869.8	423.5944
126181.5	85983.69	61.39687
254568.2	95409.31	54.35749
285647.7	103418.9	201.4844
337292.9	294706.4	379.1542
264604.2	141081.8	240.026
76102.27	63821.16	151.6254
98868.87	64906.92	41.70476
213000.8	176788.6	421.6627
324309.6	225170	448.7702
271751.2	133015.6	177.1512
599617.7	263360.7	381.0729
317586.6	154625	246.7931
517863.3	169541.8	398.976
389150.4	143358.3	300.0357
90706.88	62389.78	106.5371
105484	90451.48	-11.34338
146815.5	154643.5	175.0122
88960.34	154218	287.5515
209666.8	166256	192.2671
232661.4	132131.2	326.6117
92634.2	60953	120.8232
491908.8	316721.9	245.2245
250522.9	136668.8	258.7458
162314.4	87530.34	154.62
161589.8	77629.45	80.99824
355090.8	177165.8	318.95
308976.7	106666	186.8612
247194.1	155585.9	176.0234
299866	263868.7	293.5279
96713.04	96697.45	140.3598
496691.9	346979.8	485.7042
356994.2	182180.4	323.8893
310628.3	225541.6	584.4241
263412.1	173078.8	398.9371
349900.8	210740.2	88.78952
685191.8	341912.1	525.1663
327178.4	249334.7	493.4955
243336.4	185068.5	184.5536
248015.7	164627.9	264.0221
146900.3	108948.4	228.7345
208333.2	138781.8	255.9586
255718	216909	304.3008
140187	217765.5	273.4468
308822.2	432966.1	299.0764
298299.3	121900.8	196.6619
182066.9	70339.67	147.4769
327945.2	138550.2	237.887
143193.7	106689	192.8375
311442.3	285455.9	324.1226
457710	300577.4	1177.093
498820.7	504642.8	675.8971
193553.3	114113.6	196.7785
91875.7	100839.2	139.0116
246358.3	115715	246.7153
178378.4	94957.09	155.4368
349232.6	192544.3	238.2499
139076.5	126911	100.8718
196733.3	125655	154.4256
84820.91	53195.13	137.4559
278594.4	157396.8	285.4644
554913	381015	831.1005
121259.2	130153.4	176.4642
353704.9	114473	258.3439
143356.9	121508	60.10049
357739.8	164002.7	313.4015
94092.96	88830.09	149.3956
70565.38	50013.5	153.0773
249778.6	128651.3	208.7442
149539.9	309705.1	476.811
334264.1	155619.5	234.3219
208049.5	141908.3	135.4205
318893.1	165510.7	399.1315
212514.5	89197.19	214.4353
132026.9	104074.5	148.4363
425401.4	209991.3	235.7998
656230.2	513968.6	922.2884
846326.1	619465.7	1570.443
131459.8	75324.86	192.9801
641645.8	315243.1	456.5744
178415	145055.7	143.5489
114289.5	147053.8	121.627
368591.8	128473.2	149.7716
239561.2	111256.5	105.1888
272819	172057.3	287.8627
417975.2	218184.6	224.9101
110407.2	189277.5	303.2637
310008.1	155713.1	340.3145
315306.3	228103.3	410.2805
186100.9	157122.2	236.1498
148451.8	121415.6	87.60981
126203.6	125014.3	84.36884
281335.6	192052.1	230.7568
74016.27	68207.65	162.7873
299822.7	314171.2	330.7731
266035.6	140504.5	254.9863
117409.8	70188.4	52.52959
431516	210078.5	334.1307
467989.7	220803.9	460.0099
362425.8	223785	380.7617
253567.9	198326.8	210.8703
305841.3	230846.2	171.5508
128609.8	70573.2	145.312
111015.2	120132.5	140.269
305929.4	148433.9	277.6342
396355.4	240254	401.4132
267722.1	192032.6	380.5543
398244.2	219184.6	398.3926
257543.8	120744.5	308.1252
290875.7	135935.4	112.9801
223890.9	182059.9	344.3462
156717.9	90946.32	217.2096
280225.8	210423.2	140.8524
315859.2	169490.2	235.2942
135623.8	74831.92	24.42393
151669.9	129585.3	212.0889
86216.43	61319.71	114.6524
76031.45	84784.14	147.7362
318163.3	141930.5	216.0299
178734.2	388687.8	502.1554
126997.6	226411.4	262.5961
354492.3	187854.5	398.1204
824346.8	359052.1	816.4902
175291.4	208925	246.7931
405586.3	233335.2	239.0148
72308.92	116221.5	219.6598
248471.3	108466	154.4774
289934.1	256156.8	96.90491
519844.4	230996.8	395.7091
512382	382598.3	438.1787
537686.5	244644.7	324.9004
264815.6	218153.5	408.1674
239307.8	256577	438.8269
659563.2	540004.3	794.2831
257539.2	216621.7	128.8349
670190	379862.3	614.7984
174405.9	122348.5	46.8903
310518.1	148774.9	240.5705
218388.8	118287.6	59.05042
363621.6	198286.5	168.3877
115912.7	61528.05	34.27646
135036.8	132418.7	157.0054
392239.9	331786.7	280.2399
274789.1	145900.3	120.6288
125034.2	82038.24	123.4679
268792.7	96343.04	205.1791
880261.3	673278.6	1154.458
430896.9	194133.4	338.7718
171465.4	130066.5	308.4363
98627.62	61520.99	29.37612
425025.3	318838.5	338.5903
108083.5	70194.09	23.1405
423033.5	289275.7	150.5235
298079.8	141523.5	64.78044
167994.8	107805.8	262.5702
420314.8	197260.4	351.3986
114511.1	66769.85	59.33562
252296.6	114280.7	288.7183
361755.3	258693.2	416.4124
386813.3	181986.3	205.3088
417192.7	266910.7	294.215
266412.7	235183.9	190.0762
396639.2	478260.9	328.6081
270075.7	147650.3	254.6104
199078.2	96188.57	193.6672
300688.8	160698	291.7
425825.7	234043.8	374.1372
75725.72	75309.55	38.36008
137193.4	84469.77	172.4713
102289.1	108759.1	167.0394
184539.6	235836.7	228.0603
121770.3	150691.1	216.0947
111092.8	106604.9	239.3778
122154.9	75362.19	212.2055
459900.3	350609	409.7749
197848.1	102075.6	143.134
482129.4	637597.4	651.6547
453612.3	158205.9	241.4909
77522.77	102009.2	143.1211
975886.4	911649.3	1783.711
320541.8	230284.2	426.4205
159197.3	147848.2	98.27908
248124.3	122066.2	74.62002
144418.8	103571.5	94.19546
260205	129209.8	167.8561
299091.8	209758.7	574.1567
315795.4	200372.7	350.7763
102987.7	74117.93	196.7267
210604.1	131384.8	355.9359
341324.2	817842.4	3293.211
231913.6	122543.6	176.8531
341520.8	131512.8	253.288
150978.5	163084.9	142.4859
249036.5	270567.6	429.7263
286570.2	177699.2	341.8701
262558.8	233473.8	392.8181
197362.4	148947.1	241.3742
89317.44	183999.8	294.3057
220012.3	225292.3	196.4026
152930.1	173200.4	216.8207
214155.6	129891.8	220.9173
133235	65787.27	147.9566
406622.5	234806.3	513.784
134847.7	87201.01	124.7902
290812.8	194161.3	277.4527
330920.2	157611.9	141.9673
188833.3	121914.4	231.6384
168283.5	104332.9	252.4194
83660.77	70004.93	141.1376
397301	183371.4	280.7714
284648	121092.5	130.6499
316312.2	160791	331.5898
979015.3	409875.3	441.679
121327	81430.65	96.69748
321211.9	149391.1	297.5208
122372.3	88247.93	99.45879
95630.35	70185.3	100.0292
373814.9	180977.5	295.4595
241148.8	376746	479.1964
81920.65	83369.1	84.51144
170999.3	82833.68	111.2559
226540.2	133265.9	241.4391
98876.84	59506.94	81.07602
187336.8	129574.5	306.1806
105359.3	64996.18	65.9083
422907.7	352041	865.6622
145102.2	169119.4	229.1104
142060.4	198581.8	465.8954
183939	125010.2	108.9483
250873.5	140723	209.3016
175508.1	101941	180.8978
216822.8	123660.9	233.1422
282191.3	180153.5	302.7452
259000.5	115474.1	119.5787
302502.3	119367.5	137.8189
95589.78	121915.1	224.4175
314690.2	234758.5	106.7186
250163.6	151596	323.7985
473439.5	349592.6	440.8233
98552.41	59989.97	124.3494
243125.8	107587.7	144.1063
175228.9	88770.02	56.58728
435299.5	239162.7	255.3493
252580.9	172830.1	257.981
286427.2	133616.6	327.2209
412047.8	166746.8	317.4333
159649.3	136418.9	359.0472
365955.6	172420.8	315.8776
205452.9	161361.7	259.5107
318857.2	186990.9	152.831
190965.8	218227.1	345.8371
243690.3	94181.75	73.63477
421073	280632.6	313.57
78011.2	53033.95	98.17536
320608.8	143650.3	312.3384
201949.3	125150.1	245.9246
283282.2	238179.3	593.2006
221885.7	123286	209.9369
335425.1	143985.7	140.3728
264745.3	156758.1	330.2156
105120.4	64938.46	5.328149
187556.6	135942.8	274.0172
113811.2	56351.43	72.74026
200945.3	94199.52	157.1998
201596.3	130568.2	197.7379
319643.8	114620.3	271.1263
142047.2	105224.1	248.4525
325310.1	340339.8	725.821
236752	93270.45	136.8595
133819.4	65682.8	110.7114
424419	235275.6	408.1284
474758	261612.9	231.8199
93187.53	126037.1	17.98088
235624.9	150914.9	293.3853
85391.19	68804.59	164.1614
332762.6	366231.6	452.3741
559076.3	276409.4	472.7274
106663.9	83759.09	112.8116
84648.34	68789.49	75.42377
179770.6	113965.8	208.433
84439.38	66755.11	102.259
261302.8	178910.8	456.38
350218.1	275851.4	448.5498
83274.1	60179.15	60.86536
277436.7	168614.4	144.0545
123451.6	128848.4	269.8299
312023.3	144389.2	154.8275
314576.2	170187.9	171.3953
129746.1	145045.2	204.4531
897198.3	994509.1	2680.526
496902.7	395209.6	921.6272
173357.2	97111.6	95.90668
405141.8	298450	336.2697
428849.2	337043.5	411.1101
190135.8	113996.8	267.5872
289992.6	144431.7	333.664
141043.6	117712.2	92.04346
415133.3	185609	287.2534
203831	114690.6	116.2989
312860.5	178850	82.80022
104716.4	86230.31	85.98933
125710.4	101138.5	132.6463
359718.7	292723.5	299.3487
268168.7	188326.6	285.9699
665558.9	472847.2	899.3423
116249	120254.6	211.2721
101836.2	79143.81	67.46397
276060.3	144385.8	125.1921
370686.6	154301.7	226.4917
469871.3	152741.6	107.1723
283544.7	156473.4	157.6277
189062.9	124365.2	150.5883
135291	90690.59	151.8717
261675.2	122922.3	346.0315
104173.9	90373.07	167.0394
81461.1	76714.21	67.06208
337680.6	307865	72.2606
124657	161827.2	179.8737
73263	60508.5	96.23078
153510.4	94992.15	110.6855
657003.3	397970.8	511.8394
96374.95	64082.75	103.8017
309592.3	160862.6	285.0625
394108.6	262363.8	336.3734
455168	221556	292.9056
114662	102074.4	165.1337
297763.9	237483.1	320.7779
101683.1	75798.09	60.46347
267206.2	134159.6	308.203
151513.3	202370.3	340.7423
338872.9	144149.1	334.2603
239921.6	119804.9	199.8899
127989.4	64877.93	72.44209
93814.89	97623.88	37.85449
241531.9	142313.7	281.2122
331635.7	157748.3	245.9894
383805.6	201201.4	199.1898
409515.6	205759.7	262.9591
90624.27	76093.63	151.5087
429713.6	283389.9	324.7449
140944.2	102779.3	234.983
391307.2	241206.4	773.1002
231230.4	163789.8	154.1015
177914.9	88731.98	94.29916
556344.4	398603.1	492.0176
407639.5	197964.4	127.7719
106554.7	50054.28	50.44241
285578.5	193287	336.0105
249328.8	154062.2	249.6841
413264.4	315341.1	351.1523
242426.5	125531.4	123.3771
523333.5	233033.9	231.3532
288813.8	167529	433.5636
123890.9	124937.2	83.57805
84305.57	62689.66	43.28635
361251	238244.4	468.0475
125725.4	82496.16	151.2883
245866	120093.8	130.6369
326256.6	204990.3	246.2227
401580.8	288678.4	438.2435
177403.2	88150.48	36.71367
485712.4	309821.9	531.4537
126838.1	199042.6	298.5319
243691.9	120253.1	284.155
321319.5	115923	234.2441
169660.6	121209	238.95
68720.5	55058.48	144.8064
186623.2	106704.1	185.5389
753561.7	547961.9	1072.669
94604.74	72647.23	130.9351
208428.9	191858.5	305.6102
112584.8	119634	69.38261
191773.4	233129	181.4941
197873.7	113878.1	172.7954
418778.3	245546.3	476.4351
288128.2	213562.7	235.7868
117313.7	122979.2	218.3245
342260.1	219923	319.0278
290374.8	186540.5	127.8626
85502.73	78115.79	110.0632
247878.9	141606.9	204.5309
92373.16	101212.7	59.99678
109089.6	129294.2	76.25346
136153.6	100152.8	168.3488
330992.1	132335.8	226.388
173570.9	90347.66	157.7184
416498.1	326043.1	608.6406
426149.6	205013.8	280.7844
210755.9	139722.9	190.3355
170460.6	70192.22	175.5826
816698.8	738579.5	1301.494
85580.32	69403.94	137.0151
183538.3	136367.5	85.8208
488639.7	216459.5	344.5277
442023.9	317506.9	364.6995
244124.9	150328.6	298.493
282732.1	121356.2	96.26968
196171.5	113199.5	188.2742
418159.8	189105.4	229.0456
299257.5	225158.4	373.7742
378239.1	277365.6	311.1717
238722.1	136547.1	204.0513
231016.8	137433.2	249.8396
956872.3	977626.1	1447.805
386531	374426.4	280.3307
134141	81525.98	130.0794
367848.8	193081.6	297.067
478371.3	205130.8	407.2728
254834.2	122043.6	156.3961
404358.9	318519.9	307.827
848150.8	475257.6	874.6851
427737.9	315348.3	279.6695
112802.5	72469.73	117.0637
345003.7	191769.9	168.0117
212460.6	171490.6	345.2796
100840.1	64245.11	124.0383
224690.6	140364.3	186.1222
148852	89664.37	42.83261
263099.9	123511.4	206.1125
326274.8	174072.8	277.4786
166756.3	127175.4	240.4019
372562.4	192808.8	226.7121
194674.2	77594.3	221.384
315636.8	170085.6	264.2814
267944.6	108822.8	301.008
454959.5	187449.1	339.2385
370062.9	345198.3	412.3158
93960.01	109542.5	30.94475
234995.4	117142.9	195.2747
202296.7	153066.7	80.36301
334031	232014.3	273.8487
403198.8	157261.5	395.2813
209200.8	168925.5	175.6474
183729.5	147384.3	157.0702
117753	111728	235.6701
343048.9	183836.6	420.4441
385095.4	142530.5	339.5237
606575.6	543257.6	1018.908
271348	109243.1	218.7653
527363.8	257344.5	387.7622
610817.8	227841.6	327.934
345118.3	216506.2	443.2865
394341.6	203549.6	303.7564
96958.7	79806.07	94.19546
249125.3	165513.2	254.2474
240795	116919.9	192.0726
89194.95	47311.18	-13.57317
112684.9	82094.81	169.3729
84297.2	38555.36	93.9621
276754.8	169350.9	235.2812
379931.9	205636.7	377.6245
275315.2	147939.1	322.3076
491848	229340.7	353.7191
96961.61	74820.55	79.26109
280036.6	101200.3	191.3337
488131	307601.2	404.1486
303735.3	256032.1	458.6097
270329.9	191476.9	413.5603
98295.55	96768.82	188.1835
217368.9	129099.9	206.6829
345700.5	211871.5	216.7818
149580.5	94289.11	53.02222
601993.8	258062.4	581.935
218272.2	152897.5	71.66425
303582.7	242588.6	412.7306
317194.7	221789.2	251.9657
133853.2	139230.3	172.938
408685.8	254502.6	417.9421
110214.3	113411.5	159.1963
367861.3	220484.9	271.2948
142604.5	121102.5	249.9304
88939.14	101523.1	230.7568
294326	255933.2	143.7045
506246.2	301211.3	533.2298
236586.1	167344.4	110.3614
425672.2	229978.6	338.5125
93999.38	83384.78	20.08103
178189.5	133095.7	161.5168
344548.9	167585.6	367.02
405084.1	390675.3	744.813
405517.3	368621.3	360.7844
253164.5	208133.2	303.7564
285311.5	220499.8	324.693
237593.3	108514.8	274.9118
476527.3	290002.4	509.9207
487920	196873.2	368.822
133697.8	103723	116.1692
224052.4	240875.5	180.7682
232481.1	199465.4	220.5154
522085.3	469435.2	758.6455
228574	142034.3	222.9655
210293.4	229557.4	263.9314
223834.6	167012.1	277.8416
259464.6	210413.6	220.632
212600.3	92691.81	249.1655
279948.9	150482.6	216.0688
372836.7	377496.7	536.3541
295539.3	141385.8	257.3846
325079.3	159053.5	228.3456
458839.9	366269.1	557.1092
283392.3	184105	335.5826
341136.6	229103	339.1866
131459.1	133993.8	145.9342
202226.9	106199	154.7497
133393.5	104370.4	151.4569
132948.5	125096.5	188.5854
87542.62	55533.94	116.3118
188383.1	152329.5	353.045
99426.1	83200.41	111.1133
537930.8	403387.8	232.1051
1010983	948159.2	1342.525
75871.19	47775.73	127.9404
507398	216150.3	258.7328
159635.1	111470.5	165.9893
261372.9	120818.3	170.1767
113935.3	86364.75	145.1046
263481.9	91707.94	61.38391
107637.8	57443.18	71.21052
318564.4	190018	219.7764
126957.4	135720.5	259.9385
302631.5	132693.4	221.5136
333208	152856.7	295.9003
109613.7	53129.83	23.7498
252121.9	148976.6	193.4598
323888	167219.7	358.6324
149353.4	97859.85	142.9655
424435	288086.5	370.2869
127861.1	84247.18	111.0744
175098.2	110794.5	129.4572
280630.9	167652.9	203.8957
619007.4	309618.8	528.9258
613391.4	313201.4	576.5809
315670.2	224927.7	399.5334
118616.9	91344.59	132.9834
427544.1	218900.8	432.3968
82365.7	68926.69	78.26286
77381.98	67290.87	65.01379
99192.12	124031.7	106.4463
604688.8	376473.5	952.8312
214770.1	117618.5	326.4691
162092.5	97353.12	229.8364
167463.8	141747.6	178.6161
349072.4	297299.3	202.7938
340840.9	209697.5	190.9578
536859.3	298633.5	189.9855
258430.9	349187.3	713.4534
442691.3	235363	393.933
294821.2	204658.4	198.5287
274472.8	159434.5	199.2676
433745.7	236792.1	443.3253
135835.6	90641.2	141.4487
469861.6	349694.1	813.003
788754.1	746758.4	1134.455
218370.4	292478.5	154.7626
453391.3	273992.1	648.7637
247003.5	120368.1	238.574
301017.3	156232.3	95.56963
183255.6	102021.9	124.1679
198228.4	148543	249.6063
298975.3	128062.7	247.4673
292806.1	152779.7	363.9087
427385.3	255291.6	773.8002
494628.5	281747.3	443.5328
177457.3	145588.1	91.39526
324526.1	148915.5	236.8239
84132.95	139144.7	337.1513
182016.1	141086.3	205.3088
1107632	914532.8	1973.464
578908.3	415181.9	485.0431
380574.9	336379.8	782.5508
202621.2	97069.51	86.55974
200518.8	109159	226.6473
494252.3	451569.2	476.811
100301	156900.8	141.1895
233192.3	129629.9	85.70412
239572.5	141964.3	352.8246
324482.8	190314.7	293.5279
482093.5	192140.9	250.3841
215114.2	199024.4	234.2182
336318.1	265217.4	208.4719
294036.7	101282.8	60.77461
145973	180500	250.2415
306691	203852.2	407.221
458546.7	173532.1	177.7994
463911.8	209280.5	407.8951
650495.4	363578.6	1053.638
319507.3	168467.3	335.0382
403840.4	360251.3	789.4476
156569	101083.4	114.4969
270324.9	217914.5	399.8316
93724.39	47484.12	8.141309
288166.4	114002	250.6953
275507.7	132382.8	144.3397
353215.6	166147.4	223.4711
406733.7	200064.5	400.6094
478136.3	345382.9	490.8768
97399.61	61627.68	-25.39622
317248.6	136245.7	199.2806
551656.3	361188.6	357.0508
394291.4	258600.1	321.6206
281315.6	124895.6	260.8849
233630.4	128652.2	277.5175
314695.7	147832.4	366.0218
185713.5	78298.01	196.7656
75883.36	61978.74	56.01687
78653.28	54139.65	80.93342
91458.09	69267.53	84.1355
298549.8	190973	316.8628
76075.52	100886.7	163.2021
743185.9	298977	877.0704
292760.6	284878.5	330.5527
126319.6	143168.8	153.6218
202069.6	125789.3	253.0547
109952.8	69338.34	82.83911
84036.58	84889.16	-16.95674
282413.1	178892.9	199.6047
117929.8	94739.74	133.839
191038.7	141255.8	170.5786
332638.2	195102.8	506.5242
128091.6	69620.05	113.732
147602	73390.62	147.0232
345385.9	202928.7	392.6107
199048.5	117490.7	158.5999
482358.8	245671.5	488.7637
106673.2	72141.39	98.25314
259443	355936.4	323.63
138861.6	73966.45	86.04118
366277.8	322511.1	564.0838
284082.4	101536.4	144.3008
227049	121799.2	238.9759
403489.5	193064.5	485.6135
117125.7	96526.66	259.5366
142331.5	144072.4	187.9761
253115.2	169456.1	184.1258
235326.3	132739.3	322.8262
83575.19	67648.7	-0.8945068
260228.7	185058.2	225.7657
528625.4	379811.8	508.2484
1166125	809082.7	2227.348
91803.87	88991.5	99.92548
526350.5	251553.3	527.8368
1105411	785433.2	3224.204
118653.9	108546.3	125.5162
200477	134051.9	152.0791
363491.8	179793.3	106.3037
76720.14	48991.66	40.17502
104484.1	95898.59	20.15881
309969.7	281932.8	374.0335
111188.6	73574.13	112.9153
260267.2	145253.6	298.0134
113868.1	91987.22	129.7294
89939.02	57380.51	71.30127
88345.44	82297.18	75.33303
595438.9	419735.8	648.6989
319774.9	129741.4	198.6583
335317.2	312399.5	427.8206
229842.9	89812.3	233.7385
265900.9	166022.1	233.207
364572.3	175810.1	79.9352
384322.3	200999.8	278.1916
66317.2	70717.22	62.43398
231593.3	148719.7	245.7301
413183.1	295025.1	419.5367
554223.3	212515.7	478.4185
318800.5	228613.8	221.6692
295052.5	151709.1	325.4319
181380.4	119704.8	189.1817
1430027	689030.6	1166.242
216836.4	189742.2	306.6473
89460.34	63597.85	81.38715
96064.7	90181.87	65.96015
157934.3	157309	240.7779
86186.84	45585.45	122.6771
698091.3	409003.8	708.968
303144.8	209950	183.5813
242458.3	112627.4	260.0033
203717.7	107845.5	233.4922
951003.3	1078832	3130.644
79336.48	57030.64	22.46638
81847.27	56767.77	-30.82808
739853.7	370807.2	618.0783
532568.4	247544.9	451
246556.7	93950.23	168.984
104847.7	91488.62	192.8246
321737.8	313167.6	221.4747
106634.3	96356.92	150.89940000000001
142407.6	88772.38	55.14829
409215	204490.3	422.5961
380002.4	257985.7	280.4084
236213.9	149186.3	168.1802
403441.8	319354.3	338.1625
91964.77	90537.95	176.7105
102873.7	52048.75	52.84072
234386.4	92516.41	172.3546
232207.2	215799	133.1
197770.9	130319.8	29.9206
172093	127397.8	238.9241
88588.25	69493.88	101.2608
421054.3	235854	304.4564
510009.9	246944.6	456.8726
321228.9	205204.3	296.8855
339734.5	179691.7	347.9243
183694	131396.2	283.5587
341967.9	225488.8	304.2749
77498.09	38584.89	59.59489
500921.3	513569.1	147.9566
133781.1	131844.1	148.2807
73270.18	63215.21	176.1271
211138.7	150756.4	78.5351
356516.3	238234.6	462.5378
85941.48	62026.8	-17.94199
240162.8	105570.8	149.7067
281248.7	147870.9	133.8779
226099.8	123761.4	123.6753
464162.3	245175.5	510.9319
107058.9	76030.34	33.16157
163689.7	129689.4	145.2212
424033.3	252277.2	292.037
202943.5	156990.9	293.0352
115197.9	176067.2	155.5275
292891.1	203613.2	332.5621
541400.8	439724.8	960.3892
156378.5	86551.17	74.02368
84549.48	85877.32	73.60883
150875.3	124532.1	250.5008
407318.7	253833.9	359.3973
101820.1	70415.05	248.2581
351260.9	322632	417.7736
491913.9	206118.7	218.6615
580406.4	556979.8	719.6113
562380.8	384590.9	417.5143
345688.9	318811.3	357.0897
223516.7	139889.8	219.6468
91926.83	111506.8	116.4155
221941.3	159324.6	227.127
252713	218463.2	226.0509
67088.8	45261.82	43.8049
271113.9	185238	244.2911
481125.3	236199.7	288.2905
102193	101504.8	44.40125
325526.2	195725.4	120.0973
347956.1	141375.8	310.7957
110377.5	204948.6	237.9129
263958.4	195231.3	352.9413
173461.4	89626.68	232.9218
371117.4	254897.7	457.1448
520820.6	213414.4	359.6306
364700.3	168210.6	205.0495
102955.4	93485.13	147.7751
190350.1	143034.1	387.5937
93956.67	107188.4	139.4782
101143.4	99403.23	108.4298
241142	139966	395.8517
162308.3	126935.1	177.7476
334832	202839.9	254.9085
1002014	579488.4	1647.5
332117.5	261294.2	307.9048
254955.5	128185.2	190.5948
352205.6	109009.3	76.8498
290145.3	199609.3	204.3235
1027453	778709.9	1734.436
96765.2	76144.77	103.5683
346062.7	239859.2	367.6942
219664.6	157230.9	219.5172
209373.8	156821.8	442.9494
313190.7	339285.7	331.2397
87975.25	62607.49	40.901
129693.2	99732.97	129.7683
262274.5	173079.6	345.0333
446748.2	245894.9	366.683
122694.9	74518.27	118.762
350428.7	166955.4	110.9188
633035.5	405323.4	741.7147
407858.5	230035.8	268.7928
314128.2	139139.2	215.278
421030.9	197428.3	186.1741
290232.6	270266.1	505.5389
205216	93262.01	128.7701
333874.7	230763.9	382.7322
126566.9	105659.5	257.1642
222960.9	87801.57	253.5732
373683.3	252887.3	372.9964
78801.27	50502.61	-2.735376
274266.8	223945.1	360.8363
189406.1	93402.27	70.65308
164316.1	94459.91	196.6489
308737.4	248245.2	338.5125
73498.85	112753.4	17.12527
302705.5	158341.2	298.519
117674.7	102663	119.5398
199812.9	205144	369.535
146814.2	92896.18	131.674
671987.6	579100.3	1060.12
399539.8	280499.4	164.667
143209.8	152657.8	249.8008
123542.6	267359.2	257.4365
205689.6	112861.1	115.184
131782.6	80159.16	151.4569
134499.8	87104.13	192.5523
648280.9	562915.6	332.6139
304771.6	189332.6	296.6003
109617.1	70855.16	135.8743
128000.6	128023.7	130.1183
72973.55	102973.8	136.6781
125116.6	106953.7	193.2783
383016.1	213829.9	242.5669
97446.3	103270.7	110.9448
143124.8	107120.1	187.1075
183222.2	142663.5	61.34502
854880.1	387457.4	967.0267
219458.3	156219.6	259.8477
139613.5	172916.8	81.38715
246294.1	97901.87	235.5405
232828.3	101786.2	209.9109
312911.1	180501.4	148.6567
270830.6	164282.4	133.8779
219822.2	162598	279.4362
224175.8	116017.5	200.4992
251961	100132.5	163.4873
232014.7	114929.5	117.2193
230292.6	99132.28	223.2896
315151.7	187664.9	159.0278
152519	71929.39	95.38813
372372.5	268737.6	540.9303
180108.6	104938.5	148.8641
415227.5	192416.2	349.1818
453431.4	210377.6	363.6883
363939.8	134667.3	354.3673
130781.4	131740.5	366.6441
363105.6	187357	543.8342
230708.3	111434.3	151.0679
520012	276014.2	1231.321
101436.2	86126.23	44.86794
299943.7	138063.5	169.5414
190497.6	128304.5	177.2809
124762.6	82548.13	126.6959
90728.81	60098.11	17.6179
245512.4	104355.2	129.9887
72178.23	70902.07	124.3624
379614.3	174669.5	254.7659
233369.4	112712.6	313.0515
101326.3	85953.51	101.6886
377737.8	204128.8	298.5449
419456.5	359115.6	419.8737
309646.6	252930.5	361.4196
520089.7	194819.3	293.6575
338248.7	283131.1	269.7262
230002.4	214796	190.3355
111397.2	63998.66	35.05429
278603.6	185874.2	397.7444
91372.15	122070.2	186.5371
365137.3	117302.9	488.2322
263065.4	166923.8	256.3864
104766.2	87611.27	135.7187
325670.5	159579.4	271.2819
166979.4	178623.2	160.1167
108793.9	74531.07	52.73701
483428	274911.2	188.6891
293606.4	139072.6	192.5005
137536.9	114416.4	215.8743
476842.9	209615	361.0178
115804.3	60931.43	70.88642
289350.5	141035.1	258.0328
126011.8	132592	47.66814
366657.8	131952.9	203.1049
221929.5	108055.2	211.1425
464744.5	296778.1	274.3932
348738.4	336301.3	390.0439
108207.4	150012.2	173.9232
272424.6	239432.2	537.3523
390407.4	183392.6	642.1522
236507.9	180873	181.3645
79902.9	45789.23	118.6583
272273.9	149300	304.1712
222650.4	153207.8	493.1325
219761.7	147178.4	166.2875
339375.7	134838	156.3053
226395.8	169371	240.6353
278053	227932.5	469.992
115543.2	84689.74	186.6797
294464.8	189584.1	187.3149
230651.9	139090.7	196.4026
292335.3	158073.6	202.2104
536129.8	270309.8	392.9478
275715.6	120514.5	206.8126
156201.6	140148	263.9702
70641.23	71787.14	110.9707
793439.8	779458.7	612.1667
602822.7	393048.4	512.9413
136523.2	108503.4	222.2007
313948.1	194775.5	287.007
513128.3	259708.3	329.6063
86601.8	63782.74	80.62228
720091.1	446101.4	859.3099
91546.84	93624.03	-14.86956
278867.7	205155.5	319.8575
131070.3	109624.9	199.6047
151479.5	178510.4	258.9532
140638.7	110933.9	-109.6743
311201.3	186203.9	344.0999
223970.7	168326.7	181.559
458412.2	420471.1	629.0328
1231877	855021.6	1243.105
293655.7	152572.2	241.4391
295461.5	330240.5	524.7903
85264.94	130529.4	136.3928
253504.9	533743.4	764.181
183516.6	261809.8	324.343
254021.1	173408.1	176.0104
263566.9	273611.2	242.9169
142013.5	101978.5	137.3911
114687.8	114431.8	48.45893
228732.3	139709.1	206.9292
291229.3	190154.3	394.5942
212319.5	170876.5	259.5496
304055.1	232431.1	388.6438
89478.28	76408.5	141.8766
266841.9	161104.5	371.324
163010.8	139891.5	58.20776
517322.9	362479.6	674.0822
249090.8	130711.3	185.2537
141221.1	125893.5	332.588
262880.9	157901.9	212.1926
95815.66	164950.3	106.1481
325746.8	103527.3	252.4194
194257.6	152515.3	247.0654
308565.6	163321.6	235.1775
302747	190045.2	276.5711
239789.6	171133.5	279.9417
251751.3	108997.6	249.1655
424180.7	187612.5	412.1732
255216.1	178729.5	345.4352
464810.3	276993.9	359.838
88041.07	84240.54	72.06614
257317.5	152013.5	305.7139
215545.3	101932.2	194.1209
95610.8	97599.7	126.1903
101764.4	88460.87	68.15105
350933.2	573885.8	537.1319
840068	787664.6	1239.009
415457.2	187645.7	309.616
281949.4	131543.3	288.9257
339633.1	185893.8	307.4251
401274.1	259355.7	362.3271
372342.3	219560.1	231.2883
469363.5	188355.2	513.7451
230408	164460.2	288.5368
145583.4	129754.1	134.7853
309979.3	135160.7	89.8396
297801.8	214610.3	510.18
94572.27	43638.5	124.7254
338564.8	237511.5	251.9657
279370.9	124454	234.659
466209.8	371843.2	602.7291
165282.8	141479.2	125.3865
89260.66	74208.61	157.9777
265295.9	149502.7	170.6563
182027.1	124025.9	118.7749
123760	113087.6	222.9396
152756	171581	203.5586
143695.3	105060.5	112.0467
122683.4	114837	177.3198
268785.8	218893.2	40.27873
194955.3	156653.7	293.2556
452820	277208.9	390.342
870780.3	574963.8	1500.412
353206.4	241464.8	464.4176
252824.9	201520.6	373.6446
135131.6	86656.14	86.17082
109208.7	190964.3	195.3525
89467.21	207156.2	145.8565
98125.39	64544.58	85.27631
894064.6	529659.9	1090.935
135476.5	87113.24	50.81836
454193	207631.1	273.9784
301234.2	162016.1	347.4187
240987.5	112026.2	362.7419
496499.2	355137.2	825.4612
191311.4	104424.1	257.7865
236741.4	79552.29	201.1992
218599.8	113484.3	205.2439
273800.3	138537	343.5036
376705.8	207466.2	343.011
91115.46	72939.66	98.05869
378539.1	298924.9	457.3911
333740.9	317798.1	417.0605
152418.7	172218.4	301.4747
370432.1	164644.8	229.4864
373179.2	198400.3	513.8099
212439.4	112729.6	143.873
699715.7	557681.6	562.554
1079246	919735.6	1920.999
466635.4	285456.9	365.6977
87233.23	113732.9	310.1735
211028.1	147536.6	308.5011
144274.2	93446.9	194.8469
540896.2	452211.1	669.7523
470706.1	483546.3	536.7819
256598	161356.2	289.9758
254489.5	174524.4	369.0683
250810.2	327168.9	499.7311
106264.3	54333.76	120.1621
259256.6	96401.34	151.7421
196828.2	138853.1	229.0326
312858.9	169118	316.1758
252123.3	143433.6	143.6915
80933.37	70714.88	116.5581
189344	125185.5	166.0801
227378.6	153047.5	207.2922
105150.1	51522.83	58.38926
138345.7	73453.71	103.5554
371334.9	252018.3	693.0483
312724	196532.2	329.8785
387119.1	193829.5	381.8377
291918.2	218047.6	313.9849
302103.4	120536.4	218.1948
139134.6	81319.54	120.8621
373352.5	133452.2	195.3136
187114.1	176503.9	327.7525
151852.2	108357.5	105.6166
241660	104250	232.857
189544.6	118431.8	243.0855
190370.6	100177.6	175.5956
309459	456878	613.4761
171850.7	109423.8	167.5191
287460.7	169494.9	213.126
330330.7	260741.5	513.5117
173950.8	87648.12	227.3862
222422.6	128826.6	290.3258
203263.2	143267.3	71.67722
198622.1	131356.2	171.123
247330.9	121028.5	166.1968
126908.8	104259.3	164.8096
249916.5	163225.9	290.3647
318628.5	276910.1	580.4831
176571.4	110501.8	185.2277
113047.9	117616.8	150.4457
285420.1	215704.5	240.726
118963.3	144709.8	146.5954
185481.4	182475.4	130.4035
79143.01	69887.97	101.4163
69668.82	62741.1	68.26772
289180.1	108917.6	196.6619
260683.1	136884.6	199.3583
205021.7	139101.4	178.8495
95436.52	91609.18	105.4481
560293.9	400884.2	1186.518
445601.4	193897.9	266.2649
567170.3	412532.7	729.5934
426393.7	237735.7	396.2147
172137.4	199362.5	371.713
378661.1	313643	459.6209
213384.8	121374.7	162.5539
557942.5	202885.2	676.636
540835.3	259839.2	574.1308
270490.2	153217.4	212.7889
320040.2	129951	223.3415
214746.1	122392	289.2109
688212.2	739942.8	1329.432
134083.5	110626	130.5461
228071	131317.2	263.9962
452167.8	362320.1	574.8697
120949.8	105373.2	117.0508
179462.2	199314.8	244.4726
470534	285996.5	324.1356
95147.74	78550.04	54.69455
403325.3	294833.8	690.3907
223468.5	119425.3	165.7041
405049.9	253773.9	370.0147
106912.7	80040.38	173.4695
152257.6	82225.48	116.0266
181278.8	141450.3	287.3182
158963	106160.3	228.0733
306051.1	576888.2	3568.11
258940.6	219016.5	3209.14
130193.9	120343.1	230.5235
95093.66	68952.88	182.3627
78658.52	49112.16	-27.52229
159748.6	92446.88	136.2243
401747.5	180304.6	178.9662
148726.1	76057.91	186.563
88053.38	96765.08	220.995
96537.65	67143.09	83.61694
234011.3	199863.9	296.367
73434.33	54413.98	-6.80603
233664.3	153705.8	303.2897
230122.1	113150.5	52.85368
312268.9	188546	201.0955
287715.9	212980.8	279.475
74707.15	46054.3	81.67236
327903.8	202310.3	55.82241
71263.08	66966.4	66.58242
120964.5	63777.95	87.75241
334636.6	145694	287.033
130866.2	97448.45	54.55195
226015.2	111324	244.8226
371749.9	166236.2	387.2437
173232.9	305485.4	434.5747
237342.3	346099.4	204.0383
98946.06	42611.82	66.25832
206922.1	113550.4	266.0186
230526.1	138274.5	174.1566
256495.3	147406.8	242.6058
79643.63	39031.78	3.500244
279282.2	156006.5	235.7738
67606.3	60630.79	97.9809
116641.8	94875.38	135.0965
208214.8	153682.4	68.5659
217960	103743	149.603
324301.9	153751	340.4312
268776.8	100871.4	213.0093
113111.1	293138.4	464.5472
503958.7	377227.3	1134.598
97443.73	68148.25	94.50659
277432.8	147518.5	202.1585
449192.6	481663.1	607.1757
107741.3	67508.02	168.1414
313490	140568.3	209.2757
114090.6	88586.73	51.64804
183880.3	254915.3	326.6246
292089	139001.1	206.9033
257062.4	131107.3	171.6416
105590.9	93559.45	52.42588
314354	155208.3	410.799
120202.3	56219.55	53.45002
664936.6	408749.8	698.8691
270667.1	107828.1	209.6257
707393.9	328640.9	803.0726
201762.2	111447.4	227.0751
274855.1	131373.9	264.2555
307617.2	155411.3	261.209
150092.3	182228.1	239.8315
278949.8	138613.7	262.1812
353807.5	215609.7	380.5154
261266.7	123171.7	285.3866
96499.88	90178.34	127.733
216470.9	115450.1	257.255
116000.9	68461.14	198.8268
396565.7	265803	638.6779
353437.3	182939.2	215.5891
87380.82	83188.15	53.43706
253821.4	120138.4	268.1965
123010.5	85186.72	181.5849
451932.5	206486	364.868
132547.9	232685.8	338.2143
70149.82	97958.44	193.6542
165002.8	87328.94	145.1694
284743.4	201186.1	207.8367
104906.2	81530.27	134.2408
263757.7	131785.3	311.8458
504507.4	197344.1	325.1986
157460.9	292029.2	377.5985
93023.8	80551.95	72.98657
165213.1	95894.34	178.2661
137845.4	110354.7	145.0916
322429.4	124510.5	274.834
244885	128421.3	185.5907
141907.5	89260.2	167.4283
181372.6	88341.98	148.8511
227724.4	125600.3	124.479
245195.1	165608.5	100.8589
294304	155770.2	225.325
113223.1	136976.5	259.4588
207752.8	205661	309.3308
182042.3	77272.93	156.5128
238509.7	151925.6	179.381
79860.3	72812.3	89.35993
98967.05	65484.2	108.6242
810042.6	491726.8	637.8741
279980.2	209467.4	352.7339
235304.6	101114.6	178.2272
319922.6	154319.3	146.3102
325063.1	163869.7	316.1758
246147.3	171773	162.4502
192733.2	171301.1	61.95432
373098.3	296216.6	441.6919
151627.7	74881.11	95.49184
83603.13	53676.36	158.0814
189753.6	99963.38	165.1208
184169.8	160800.4	262.0775
282928.5	120761.9	328.7896
77068.4	90751.27	83.24099
313577.2	161389.3	108.002
186068	160284	125.5939
334924.7	155350.5	273.8747
288377.9	140647.3	240.5057
256719.6	203746.7	191.3207
302622.7	197552.9	223.7693
213424.4	111094.2	127.5385
200597	126490.8	266.2
120735.4	102952.1	246.4561
157983.2	123146.2	290.8703
246637.7	120968.3	249.3081
309304.2	194565.4	393.0126
180566.1	118229	71.13274
181773.7	96168.75	222.8229
327652.2	168155	418.1884
80708.3	50577.28	75.74787
200520.5	120915.1	144.1063
133072.2	112488.5	115.6118
432077.3	295674.9	300.9432
309954.3	112149.3	192.7986
114412.9	173382.3	237.7184
92070.05	74804.33	73.86811
263353	126496.4	218.2726
121919.9	52877.68	108.1835
153790.2	80797.17	33.87458
278637.3	198886.4	74.01072
215368.9	128978.3	248.8285
374074.3	264038.1	613.0483
137319.9	90191.52	102.0127
735450.7	448724.5	1351.12
133104.4	91809.38	163.7466
170059.4	104042.2	151.4698
106245	79839.92	58.15591
355617	211460.4	417.1383
117443.6	96194.55	92.32866
410138.8	202865.2	400.1168
457353.5	377647	1002.172
191992.7	105977.1	203.0919
213579.7	119430.5	117.8027
329535.8	209657.2	213.1389
216651.6	134486.9	123.0012
341363.7	222508.9	133.6964
121124.1	79420.77	64.06743
101448.5	70556.65	137.1707
116810	87147.52	138.9727
113159	112709.2	124.6346
123726.5	86636.77	215.6669
384479.4	200514.7	288.6016
126653.6	70383.77	116.2211
363565.8	181858	353.8358
351285.4	188324.6	231.9236
301915.5	122314.9	253.9881
200043	121727.4	242.5151
303997.3	234936.5	133.2426
208662.4	155981.5	220.3857
198210	85063.02	143.1859
146103.2	66019.32	167.1691
364261.2	140181.1	203.5327
482821.4	268823.4	299.3227
91933.43	91014.64	9.282128
103283.9	220825.6	246.3264
110281.9	68886.15	122.3789
343024.4	199140.3	350.1022
337119.3	369938.6	658.9144
372940.3	178329.7	334.8567
251141.1	100942.2	207.5904
125495.1	79721.34	68.8122
262794.1	125794.4	213.8908
223062.8	125875.6	131.33690000000001
165454.8	112159	49.39233
255114.6	179983.8	458.4672
369584.8	122814.1	192.8764
143526.2	110545.5	188.2094
108462.3	80489.09	144.8712
208364.9	98161.63	116.597
173661.8	131862.8	122.003
262085.3	221562	356.9601
190577.6	224785.2	306.3751
196929	113449.8	260.8071
116946.3	112948.4	157.874
137169.2	98468.48	77.60171
319801.5	178102.8	180.1848
147769.6	98510.36	28.15752
107631.5	93085.02	85.14668
285302.7	103981.9	126.0606
387674.4	207635.8	493.4048
475478	493875.1	895.7254
480411.9	352697	452.076
377091.3	172181.4	438.9436
150778.4	79424.55	79.77963
331808.7	279495.6	300.5154
394385.8	330278.8	532.9446
491607	239995.3	145.7528
217273.3	172548.9	346.3945
133882.2	125857.8	-37.14148
179150.2	125345.1	162.7873
373811.8	154381.5	295.2132
80373.45	254694.8	239.1315
254837.6	297306.9	541.5137
219384.5	137086.5	263.2054
354106.2	369395.6	454.4743
147151.8	189312.8	249.3211
290681.5	153424.2	244.1485
478972.4	256367.8	242.6965
506990.8	295484.9	544.1713
991514.4	524950	1166.528
99046.64	79070.62	78.09434
415986.3	213593.9	413.7937
162140.4	135343.8	203.3123
170751.3	97332.24	113.3301
156821.1	167898	230.7439
180321.6	115394.5	180.4959
611946.8	323367.5	642.8263
664893.7	330991.5	426.7964
90952.59	67663.16	166.5857
198663.8	148581.1	116.6878
366048.1	124643	241.3224
140252.5	99117.09	84.53738
117417.9	113071.1	300.6451
96105.45	145389.4	180.5607
171705.2	195458.8	279.5788
239406.6	136478.1	172.3287
284552.9	113518.5	278.425
381462.4	221264.9	386.9325
106413.3	78279.38	-39.16384
162858.5	76658.51	137.5077
308490.8	173687.9	167.0005
310684.6	162207.9	136.328
348449.4	259699.4	210.9351
223635	194138.4	436.26
375327.6	216312.9	331.7194
257173	236350.3	420.3793
115104.1	99376.73	53.12593
136491.9	123402.9	40.35652
311804.4	145085.7	310.2383
376308	210638.9	412.8473
872034.4	675396	1127.766
252964.4	210416.5	269.0262
117048.3	80137.24	17.03452
264216.3	130966.2	335.2456
177714.2	161859.8	308.6049
495423.3	191210.6	333.8714
277663.4	124609.5	207.7071
165357.6	70152.99	182.0386
74634.17	58665.15	95.077
395755.1	162160.5	308.8512
131752	93360.18	158.3666
328124.9	234781.4	277.349
161709.4	120965.2	167.4154
113396.5	88113.84	146.8676
155944.5	84823.23	172.0175
87150.85	64129.62	35.31357
70865.99	61931.88	133.1778
244464.9	211581.3	216.7299
81954.09	96298.41	115.0025
544772.2	239647.8	145.2342
472191.7	291470.8	546.427
248142.6	168682.4	220.5283
190729.8	155070	153.0644
130832.3	82291.91	164.7967
159151.9	114924.9	62.25249
212429.5	114761.5	196.2211
362019	209634.1	252.588
177805.6	134686.4	131.311
355302.3	188497	202.5086
485417.2	225664.3	322.3595
141127.8	69806.76	197.4786
293954.7	146862.4	240.9335
163386.3	112876.9	213.4112
135751.8	161627.1	240.5575
113377.7	85278.88	157.4851
434308.9	233036.2	288.1349
363731	231749.4	461.5396
85913.54	50380.11	0.0388916
223633.8	221218.3	235.1257
303674.6	206801.1	174.0918
251170.5	123821.7	196.8822
236044.1	147060.3	207.1107
274474.9	248705	264.0869
252942.3	193191.1	212.6722
426116.5	204436.8	366.4626
209002.5	175363.7	146.2713
251967.5	116317.5	222.5896
75811.79	44649.67	77.70542
186775.2	172146.2	102.6349
87517.56	144190.1	332.575
353597.6	129797.8	125.6328
312721.3	163061.1	445.1273
663885.4	319782.3	676.2601
376997.5	375361.6	632.2607
217388.5	140985.4	68.68256
151591.5	113783.3	158.2499
345907.3	191648.9	302.5767
293929.8	181240.8	416.7624
244283.5	181232.3	354.4969
382705.2	194648.9	331.7324
346599.4	183729	292.4648
322777	228872	407.4025
150826.4	78024.66	97.747559999999993
213507.1	90205.5	240.5057
63744.32	43283.94	69.1363
115894	83109.48	187.8464
109862.8	112755.5	179.5496
356323.8	168468.2	300.7747
87910.17	53538.21	105.3573
773113.6	316501.9	604.3107
221689.8	176018	310.0439
329956.4	212865.8	143.8989
291140.4	218829.7	326.5209
72480.24	53648.95	112.7079
278846.9	231234.4	219.6857
486100.2	397401.3	696.8986
534941.6	220755.6	494.0919
68977.04	38693.55	46.4625
217370.4	169184.1	100.833
234214.9	177694.5	235.2034
611715.8	342820.8	553.7645
383260.8	332447.5	544.6121
279455	129489.6	163.3577
225976	126163.5	136.4836
82237.57	56263.31	150.316
284931.8	143563.5	264.2295
284164.7	138391.8	283.9217
271822.8	112598.1	271.8912
284942.9	163258.6	272.5264
269280.7	120695.7	251.8231
273826.4	115862.3	224.8583
236628	133263.7	155.7868
235658.7	169004	281.4974
152563.6	74367.83	132.763
494036.5	411027.7	398.1333
93309.95	48988.04	60.80054
147286.5	134121.3	184.1906
174818.6	122007.7	236.9536
266221.6	128251.6	313.1811
365565.7	169333.2	309.0975
176276.2	126472.8	302.4729
178505.4	93311.61	168.8673
304239.1	181382.8	251.0323
428688.2	247793.2	252.7565
85959.48	175727.3	162.4113
129185.6	95283.18	160.6223
392859	312868.8	241.1927
360262.7	145342.5	79.54629
307303.3	126219.2	142.8229
110736.8	71001.85	176.5679
335647.6	290763.8	333.0677
92385.87	92050.94	79.71481
286225.5	165020.3	169.7489
242763.9	110498.4	228.9548
163691.4	92011.93	174.0918
570672.2	262672.4	372.9186
197892.7	143953.2	237.3814
170457.8	134832.3	257.605
493965.9	350290.6	370.1962
474142.9	252902.4	414.0789
359446.1	232401.6	156.8498
511562.8	278196.7	405.9116
385204.1	208039.8	254.1048
140298.7	129782.1	202.6771
468705	215302.4	389.3827
355203.7	247000.1	318.8852
187649.1	172341.2	163.9411
264270.8	155421.1	136.0169
137008.7	83298.7	135.8354
346495.8	230205	311.0421
296909	196309.6	342.0387
700143	451509.2	911.6191
387988.2	282389.7	544.0805
316863.2	126977.8	256.4642
191701.8	158386.6	147.7233
749741.2	289648.5	406.4302
342321.5	111824.9	272.3449
163720.7	103483.5	208.7831
193273.8	226517.1	328.6729
133309.8	106332.7	167.3765
194855.2	93412.69	159.7926
399266	282392.1	558.5352
237170.6	100587.6	156.2405
343424.4	160469.6	307.464
291922.5	144411	224.9879
226756.4	153624.8	294.565
400706.5	284131.2	323.8633
284401.2	137727.7	255.2197
262131.3	173897.5	186.6797
341978.5	198759.5	335.4789
356068.6	198287	225.5324
435276	280313.8	325.7172
310552.2	148730.6	301.9025
639402.3	518026.9	944.2362
363691.3	237101.5	436.3378
168605.1	161483.1	235.8776
216488.5	105831.9	283.7142
236697.1	135419.3	217.6893
321430.4	239009.6	250.5527
261836	115832	188.9484
415737.2	240457.6	504.2296
226868.7	178247	198.3212
90701.38	76550.14	63.5748
2015380	1454682	6352.1
162636.5	139636.8	194.2376
250626.4	141426.3	175.6474
906473.6	616863.4	1115.152
97580.38	66688.91	45.10129
445429.5	212510.7	397.0055
194358.5	120819	216.5355
114893	99486.89	152.0143
254803.6	107142.4	153.4014
127572.6	360143.2	414.74
136465.5	189976.2	49.47012
212232.3	104808.7	226.5306
243892.9	97117.91	156.2924
285046	133732.8	337.0087
143712	90746.05	178.3439
308758.8	141430.8	222.6026
289759.8	253809	229.3697
584081.2	268282.7	394.8146
190508.8	93389.41	168.3099
114116.9	101616.4	38.32119
261490	284598.5	509.7781
296554.3	324751.6	467.5548
210017.2	153377.8	130.5072
340579.9	179641.6	273.7061
141696.7	107385.6	86.90976
90733.78	80528.53	145.8954
91169.27	229312.3	374.8761
91332.87	70171.44	55.51128
153454.5	141499.7	325.7431
365526.2	150739.9	165.0819
159053.1	112040	258.3958
80343.52	65411.67	-33.27825
326430.5	239347.9	394.659
256711.9	133902.9	233.6089
370746.7	258788.6	559.4038
226270.8	354586.3	493.7159
174035	103580.9	180.9367
340103.9	170942.2	140.2431
240757.9	156349.8	190.8281
316352.4	118689.5	132.4389
98598.38	67590.59	80.37598
93589.28	101675	60.87832
158558.8	91656.59	179.1088
165030.8	109201.7	242.2299
125545.8	91706.91	155.0219
324197.6	197300.3	437.5953
78976.05	84912.11	74.78855
124507.8	105031.6	341.0793
107350.7	60148.06	132.1537
917705.4	495280.3	809.0231
148918.8	93998.73	105.7463
380839.7	248369.9	344.8389
297235.8	168760.6	326.8191
212462	113458.5	218.5708
313123.9	117707.1	173.8455
121803.2	106877.7	128.1608
142489.1	98312.47	77.04426
394995.5	200569.8	258.9014
355935.3	249913.5	172.0564
445913.5	221114.5	265.6555
265417.1	141122.3	135.8095
85177.59	56259.33	88.94509
76302.39	74507.18	121.0177
196272.3	116830.7	73.19399
370902.2	165510	224.599
255628.9	166403.8	122.3141
186896.8	102068.5	-3.409497
191931.7	85874.74	158.2499
126854.6	134490.3	180.0033
142891.4	108404.2	110.6077
278915.2	187514.5	437.0379
499771.8	264414.5	594.8989
168460.3	98369.86	151.4828
358784.1	184204.5	137.0151
351098.1	153112.2	230.2772
439774.7	305814.4	397.8611
381378.7	220015.8	229.992
319546	161632.3	288.9905
122870.1	81966.68	76.13679
224731.1	236692.3	155.3201
131374.3	87463.67	182.3109
204040.9	575827.3	4238.407
159699	139985.3	140.1264
92865.7	183772.2	194.9117
156081.4	114694.2	212.6074
126902.2	68332.28	111.0614
69974.8	55020.45	104.4628
409326.7	425930.8	569.749
90011.19	62348.86	48.92563
183500	163252.1	215.9651
679069.1	309228.8	509.8818
498065.7	232912.3	150.4068
105823.1	71298.75	76.87573
729555.6	708504.8	950.6922
233588.1	98074.8	136.4188
348877.1	183403.9	298.4801
126452.3	197380.9	312.4681
189451.5	162152.4	224.3008
427100	264230.6	342.622
211731.2	205140.5	85.67819
499808.7	360570.4	451.4667
101365	75277.92	95.85483
267927.7	138910.8	313.0774
482257.9	206652.2	159.0926
195315.4	93478.13	-3.902124
171455.7	94886.35	212.6333
258264.6	126507.6	47.36997
69659.7	51075.95	32.08557
222084.1	106029.1	174.001
191012	121710.1	230.8605
313062.4	185199.8	147.1399
95783.16	104635	170.8249
364032.7	231459.8	252.4065
440709.9	309921.6	483.2281
164152.1	108173.2	174.2992
345947	216291.5	315.6183
142052.4	125836.3	160.6093
298205	179266.3	354.1988
163403.3	112088.9	243.8892
263211.3	109349.7	102.3757
215541.9	99121.83	227.464
313986	265567.4	1196.422
244089.4	114291.3	241.6594
250439.6	142824	121.6659
273755.5	111737.1	242.8521
243933.1	123071.9	133.6575
135222.2	120411	-25.7592
132123.3	122463.9	108.0409
234046.8	111664.6	164.4467
357584	297089.8	156.2794
179682.5	83714.66	229.4993
160395.5	135239.4	103.322
161822.3	81700.3	17.99385
140799.4	98448.74	83.56509
230072.7	195873.7	348.5076
199892.2	124793.3	207.5645
213568.7	118019.6	218.7004
206465.2	181144.7	178.0587
311599.9	193529.6	423.6073
355644.4	192015.5	412.0695
270647.8	144220.5	231.2495
347715.6	183556.2	293.4242
153268.4	122818.9	162.6187
154393.8	134295.4	178.5902
346849.1	194683.4	234.5812
146726.8	135003.9	339.7311
481061.5	257475.4	553.8423
470251.1	248317.4	422.3498
224096.1	271266.9	465.1176
128806	83517.53	112.3449
321898.9	148539.7	316.2924
613750.3	296862.5	276.636
388285.9	294363.6	293.476
99708.23	57532.93	17.79939
197440.3	123717.3	223.6008
156220.3	105639.2	165.7171
165209	113973.6	156.2016
80061.51	67226.23	131.0258
137720.9	111085.4	40.23984
137859.3	67454.7	115.4303
338042.9	335734.5	408.8415
260023.6	222295.2	395.8517
286201.6	266680.3	327.9081
359007.5	267303.9	355.3914
110552.1	104778.7	148.903
434785.1	377792.9	520.0455
241056.1	207646.3	458.5579
185162.3	138271.1	241.3742
105046.8	119729.3	158.224
131878.9	110966.2	63.27663
100517	119934.8	152.118
229075.4	127295.9	276.0526
462112.7	322387.6	559.2612
336584.9	230829.8	406.2746
207650.5	124385.1	437.4657
426526.6	166388.6	294.9539
147776.1	83625.5	123.6234
310498.6	240217.5	367.2145
395651	252079.2	335.5178
82391.47	200999.5	210.4424
421959.1	149887.4	190.3355
103232	86586.86	134.3186
120314.9	193129.3	52.74997
254407.9	131640	93.09353
271070.4	118620.2	126.4107
437011.5	238395.5	223.4711
147022	84472.73	164.1485
72464.24	50953.22	81.32233
148356.6	101873.5	147.1528
176124.1	101002	103.3479
67080.16	74015.78	49.88496
309685.8	204472.1	443.2735
640989.7	426891.3	609.7944
312318.7	142576.7	335.4141
86022	79548.81	64.6508
130592	58790.27	82.83911
103705.1	94400.02	47.36997
185498.5	135068.2	252.4065
169668.3	79976.26	212.0111
601146.3	453325.9	871.7552
226937.9	119691.4	194.1469
694314.9	501526.2	1172.932
248872.5	245290.3	453.1131
262983.9	179914.3	302.0711
181095.2	150852	318.3796
443956.9	218240.3	333.5344
195269.5	133775	120.5121
95543.47	79868.14	42.21035
195503.8	193108.5	183.7369
222727.5	179544.4	201.8085
86990.73	101584.5	118.6583
78807.85	110802.7	100.8848
692893.4	755276.4	707.1141
186546.2	123301.1	261.9479
329051.7	366245.4	584.3981
182917.7	150056.6	256.3086
455165.3	476065.3	656.6717
284432.1	196787.8	222.2136
167336.5	139425.2	240.5186
103791.3	65698.63	9.943286
338693.1	326688.9	411.6546
364528.8	158063.8	213.1519
479538.4	186931.9	304.7287
248673.9	166190.6	294.7724
103877.6	62333.42	59.77639
171223.1	160490	186.8223
655477.8	241145.5	316.4091
301657.1	272131	284.0254
333855.1	162472.7	327.7525
353879.1	181624.9	191.243
322813.5	144023.4	401.2187
196775.4	125596.6	141.2413
189230.3	88953.18	-77.21279
148819.7	153427.5	216.8077
91369.73	66268.63	69.99192
933893.8	636725.8	1435.165
239227.6	166238.9	175.6863
337251.9	239870.4	159.0796
101308.3	91595.88	77.08315
131928.8	70106.93	38.52861
99158.4	97852.42	166.3523
152271.8	78130.52	223.8212
137684.3	120363.3	57.7281
363809.9	245505.6	289.8332
576484.8	347336.6	359.3065
301270.9	132926.4	166.0931
344084.7	236255.7	446.3848
78616.31	78929.57	122.6252
276959.9	184994.3	269.5058
210490.8	105317.1	246.8191
532983.3	265506.6	172.6398
454355.6	616407.6	553.0515
187343	165782.8	188.7669
114915.9	135772.8	247.3117
159907.8	168824.1	-3.668774
100535.8	89563.45	140.8265
252020.1	187421.7	418.8885
174809.7	149040.7	388.929
180692	95038.94	76.05901
169668.8	101944.6	156.4868
240476.4	125815.7	141.8377
201791.3	133659.5	319.8186
244339.9	111761.8	165.2634
329901	184243.6	333.7029
93421.15	78847.68	53.1
444695.4	210543.9	386.8547
73368.41	47075.91	89.95627
308844.2	421468.7	548.2679
80409.85	83372.27	27.83342
480091.7	466991.6	440.8752
168591.8	166608.2	203.416
298300.4	103004.8	128.6405
264006.8	108339.1	176.9179
463240.8	281222.7	279.4491
109792.1	65798.69	87.33757
211346.5	124062.7	68.95481
141778.4	106958	167.1172
501773.7	340223.7	511.6709
607131.8	296290.9	594.2896
126675.7	72191.35	88.42654
120131.8	55399.5	178.1365
98685.27	63201.43	98.14944
271659.8	113885.3	269.6225
105813	94733.25	163.241
172173.4	99022.09	142.3692
215137.3	78384.14	105.0721
107486.8	127821	-126.7737
138503.1	73723.03	175.427
164871	89095.21	192.8894
411500.5	291933.1	421.0016
404086.4	405271.8	673.6803
277187.3	158560.5	178.0198
130551.2	121462.1	349.8429
273568.8	148405.1	301.008
715821.4	322398.6	678.0751
293542.5	158515.1	304.0805
351559.2	160290.1	366.683
260205.8	314597.5	561.2706
246000.6	105657.5	168.8025
216866.2	102144.2	158.7814
407325.1	206359.3	364.9458
247451.8	149554.9	321.2576
281916.3	272633.7	370.3777
157262.8	67657.6	36.70071
217299	142147.5	382.1229
123214.7	98888.7	136.704
242337.9	145253.5	124.3364
280903.4	92141.29	156.6943
241612.6	158197.4	347.1075
274101.3	170696.2	247.5321
507810.2	255184.2	325.5227
98279.38	67253.04	121.7307
77253.84	53174.36	-17.2938
164313	151565.9	294.5909
482599.4	203070	299.3746
77884.99	115843.2	148.9548
211698.2	145453.8	244.2652
287758.9	210387	221.2154
100950.9	61573.01	6.741211
258270.1	176854.1	402.8003
347890.8	272730.7	423.8666
68134.13	34644.71	10.52666
141008.1	123138.5	192.9023
206782.1	253418.4	286.4496
181799.9	150279.9	258.3051
699167.8	508677	908.8578
120294	69688.88	141.1895
328364.8	229797.2	424.0999
644744.9	359131.2	746.7836
133821.8	83551.46	176.6456
308646.4	256940	585.1111
428549.5	311595	514.0173
119706.2	103912.1	180.7033
200861.5	99353.34	110.4781
410471.4	229540.6	492.0176
603358.3	371741.2	1049.425
86792.1	55636.21	134.0075
91653.32	48183.63	52.07585
191261.7	149889.2	306.751
499185.4	282483.2	714.4646
218431	235008	202.4956
301418.7	151673.9	132.9445
286355.9	225866.5	397.9648
275801.4	229705.2	457.0282
105936.5	109840	99.65324
118443.5	107049.4	87.58389
695484.3	383843	685.4774
180778.8	132631.7	158.2758
321687.2	502972.5	3447.3
218626.6	67310.33	-151.7421
93790.4	101360.5	224.8842
331524.2	242714.3	282.6512
165765.1	107433.6	211.7129
149314	102103	176.2567
179695.1	100849.5	162.9558
254817	170284.8	220.4376
237828.3	85210.2	103.4257
170264.7	109549.1	161.6594
324991.8	210340.9	371.5963
364181.1	261233.1	468.8771
208817	116889.7	191.8523
197959	144472.6	64.30078
203286.5	108712.4	231.2235
304242.6	158214.3	256.5808
535366.5	878626.7	1677.408
213467.6	112939.8	297.3781
191264.6	116743.7	239.1056
145821.7	85337	123.1049
174378.4	111483.5	106.913
381254	188754.2	467.4641
142128.3	79618.12	237.8351
431954.9	317941	301.0858
246219.3	113380.2	169.2692
179862.6	100996.5	153.557
438799.3	306022.1	675.5212
367896.3	107951.8	187.7168
157227.7	79379.92	79.00181
205232	150946.7	324.8745
145271	79882.53	99.08283
310149.6	192368.8	416.1272
418569.7	288384.6	392.5588
241317.2	109236.3	104.3591
737099.6	403776.2	987.4966
498687.1	242543	450.8574
99450.13	70813.38	26.44629
406213.1	327212.3	642.9819
165798.2	87839.92	160.9594
76918.02	59556.38	78.47028
167749.9	87550.32	129.146
467299.8	233458	397.511
258839.4	98350.88	171.4471
211799.4	123459.5	179.1217
303166.2	204906.4	269.6225
141596.8	85924.15	52.24438
350957.2	485693.4	779.3358
366700.6	180074.2	252.4713
312465.9	355306.3	712.0793
126865.5	69028.22	116.2081
435832.4	203348.3	486.9747
264883.9	105298	212.7889
147643.4	119987.9	173.275
192560.4	134113.2	170.2674
257034.1	114538.7	237.0832
212425.6	181668.8	212.8537
667115	228627.3	376.9374
134320.6	106483.2	197.4397
147636.7	65061.59	73.47919
557772.5	569832.5	1253.463
405037.5	327398.1	358.2176
196059.1	109019.9	259.6922
351635.7	255798.6	305.1565
262273.4	281213.9	323.3966
331861	265062	240.5446
300094	190821	387.6067
662902.2	563462	1121.53
265436.4	177502.2	430.2059
336646.2	189954	304.3138
242799	379550.1	684.4922
101072.3	103395.5	92.4194
353525.8	246387.4	485.808
267982.2	162278.6	251.7064
364056.2	267623.3	399.8186
384853	218524.1	464.6639
179963	187004.9	394.6849
85923.98	66102.33	143.9897
121331.8	68518.8	102.5312
300591.9	190014.9	348.1447
469783.9	301241.1	512.6302
282690.7	179644.5	134.2149
109620.1	110440.7	122.4697
118225.8	115005.6	121.8733
537838.4	200888.9	465.2473
529131.3	457284.4	1267.685
77035.76	107177.7	62.99143
430035.7	331603	839.3585
126652.1	99917.21	154.4774
289198.1	137606.1	581.9221
431608.9	305610.5	305.2083
439962.2	373003.2	429.6744
344459.2	262864.5	417.9032
211831.7	141237.9	402.3595
774032.3	501791.7	808.9194
283773.6	314854.4	143.5748
345043.7	220111.7	298.7264
298073.2	247000.8	292.9445
289747.2	146942.9	272.8116
161260.7	118407	79.1833
84528.07	68212.07	202.4048
255929.4	175766.8	293.3982
254232	280928	627.866
326771.9	249562	364.0124
232238.5	80744.93	154.4645
409274.9	280587.4	367.0978
417412.9	170645.3	409.6323
244919.9	199895.7	313.0385
318928.8	163350.2	304.7287
227305.7	75888.45	127.0589
153503.8	89373.16	159.1055
133885.6	131265.5	108.3779
114700.9	89817.23	74.45148
436985.3	272377.8	380.7617
274623	201593.6	178.3958
776835.4	507514.5	1385.863
469968.4	536476.6	682.2365
518590.2	266117.7	376.5744
204627.4	109848.8	168.7896
86952.81	62845.21	138.2078
426027.1	149005.6	199.0472
187440.8	88263.7	190.4522
300590.3	183025.5	213.8001
268652.5	100316	173.6251
363499.9	272617	432.8894
302853.6	240350.9	405.432
74428.7	55790.4	101.9608
172770.1	114817	104.8129
287728.5	309499.3	172.0564
313704.1	343669.7	589.2078
504009.5	432666.7	582.0258
363907.3	204058.9	241.6724
377008.9	251505.5	343.1276
315293.1	163221	300.3339
87533.88	66432.92	70.5364
553851.4	190753.2	399.9872
273257.5	117670.4	248.284
395154.3	216921.3	359.877
71767.07	51952.5	109.9336
114245.6	71577.63	-12.65273
443909.5	236472.3	299.6728
103558.4	104110.6	216.9244
266799.9	186385	248.9581
228131.2	137902.9	209.6128
115793.7	94104.15	143.4322
219616.6	81666.52	216.5225
483039.7	239724.9	406.1709
386504.2	255931	242.3984
435236.6	257638.9	407.2469
124327	78649.37	110.0114
829839.8	675286.2	1205.212
578216.1	461216.6	545.7269
263984.5	149693	356.3896
156845	113708.9	-10.40998
100087.3	76006.59	66.8028
300337.2	148007.2	206.9422
237587.9	137541.3	192.1375
116448.1	90802.93	133.7482
377835.2	378312.9	580.4701
104092.7	98859.74	103.1665
1079540	996738.4	1484.363
229867.2	301809.1	253.4436
136319.5	69544.69	63.61369
291587.2	149055.8	309.279
324730.9	153400.5	261.0793
211891.3	142537	4.420679
571407.1	387258.7	595.8193
119606.4	105670.4	207.6034
335755	144242	387.6455
537265.6	357543.9	713.0386
135307.8	79081.59	155.2553
132055.3	114043.7	115.5081
338396.6	256196.9	265.85
665245.4	718189.4	1050.333
550890.6	327093.4	508.6244
244518.9	119332.4	219.206
353097	263168.6	295.0835
340510.4	196697.5	351.8264
559360.6	439202.4	484.5764
574502.2	613062.1	1107.023
165036.7	87370.3	202.0419
409035.7	304638.1	284.0254
177778.7	126083.1	126.2032
96956.76	73142.95	42.67705
111113.3	61778.95	92.6009
305418.8	105809.7	270.6078
287082.6	136160.4	165.9634
254644.8	155672.6	276.5452
246217.8	280968.1	320.026
322390	189496.1	245.0041
476269.6	248583.1	244.2781
245270.3	210133.3	379.6857
344935.2	430810.7	433.4858
104616.2	85534.41	279.7343
460039.3	402167.7	686.0479
377147.3	279596.1	176.6716
338222.5	170040.1	248.634
86318.27	107700.4	138.7393
87703.63	96555.59	159.2092
438490.6	203420.2	395.2294
363723.3	227986.5	552.2477
352822.5	134800.3	310.7569
316503.3	212432.9	308.3715
257571.2	176329.7	160.2204
463015.8	305843.1	582.8425
217775.3	100499.8	188.1446
188334.8	95360.66	256.9179
175848.7	149165.2	181.183
133380.4	91248.37	180.5867
116132.4	120525.8	119.112
190957.4	145056.1	443.7143
293936.1	143527.2	351.6319
521286.7	614263.4	272.1116
293400.1	348967.3	469.1105
116453.9	88193.86	31.00957
443244.5	661401.9	783.8213
230565.4	119577.9	268.2224
197716.6	111092	199.0213
82668.18	58521.93	123.5327
152190.3	90407.67	135.4854
235747.3	152463	192.8634
428432.7	178275.9	231.1846
103246	66351	52.90554
187518.3	89499.71	207.1756
424818.7	289754.1	449.3535
265208	179170.3	346.226
400172.8	190510.5	371.4277
236946	233635.8	250.46190000000001
288057.1	158230.9	324.0059
489757	457817.1	430.9578
123779.8	75976.23	116.973
93498.44	71377.84	102.9072
339424.8	212250	470.6143
106011.7	87459.38	119.0861
310597.3	253193.9	302.6804
154392.1	115371.1	80.85564
750194.6	301238.8	532.4908
520260.9	245730.3	335.2845
336612.2	212779.1	503.8925
427312	310641.6	421.196
126347.6	93739.41	116.6748
120183.7	79305.69	89.63217
142734	97932.01	138.2856
610534.9	265468.6	334.7919
342127.8	164761	220.658
273176	228916.7	427.9502
193363.5	122941	81.36123
66923.07	60631.47	53.77412
84887.04	109895.1	67.11394
100102.8	86971.13	178.2143
206675	141061	307.3474
176180.8	99388.21	133.6704
248655.6	111071.5	72.33838
123882.5	126723.6	198.6972
254798.5	167437.7	227.8659
261949.8	159393	253.9622
223339	178450.7	282.0289
250274.5	137429.1	198.5416
408700.4	258995.3	357.4397
317512	196957.1	157.6147
89407.16	121452.3	197.5434
81217.66	97699.66	165.056
121664.2	56807.12	41.45845
322539.1	247576.5	169.697
364551.2	216513.8	381.6692
98201.42	87238.66	159.0796
148016.7	92874.3	147.3473
328407.2	230803.3	192.306
77927.45	75943.81	83.2021
415175.8	210116.8	402.1521
230040.2	128242.8	217.1577
94555.77	80247.95	68.08623
99896.05	115410.1	248.6081
204522.7	109569.1	195.8711
291703.6	161128.6	168.4784
67731.78	62584.75	53.73523
229451.8	215448.3	189.3113
236250	115492.5	196.2729
517819.8	239837.1	443.3513
98011.44	211866.6	347.1075
99244.41	77162.16	156.1887
180443.5	108110.7	112.7856
236640.5	155168.7	126.5403
338831.6	201862.1	287.3052
271714.1	112360.8	198.7879
79887	105318.6	87.76538
409865.3	231663.6	479.8446
339596.3	136427.2	158.574
103097.3	68362.45	181.2219
216188.7	115087.3	117.4526
97680.47	65297.86	43.74009
396801.7	406243.1	351.2171
235956.5	104223.7	207.3959
298235.4	258419.9	370.987
158797.1	166446.2	209.7943
73010.32	89811.52	105.9278
225648.8	236875	231.6124
307661.8	131102.6	335.2975
77647.15	51911.56	87.02644
138522.1	104532.5	45.89209
554037.3	483077.8	270.3485
281918.8	176348.6	260.0292
198143.8	124515.6	204.7254
1764604	855199.1	6089.193
1459638	458640.3	1337.43
182592.2	139449.3	175.4011
189472	115390.6	100.6644
159765.6	145930.3	113.6801
233606.7	120440.8	207.4608
171771.6	117736.6	128.8349
73062.98	41990.73	91.43415
497269	319169.7	615.7059
341853.7	200553.2	224.4823
176216.4	108512.9	34.04311
189462.8	339203.6	259.6792
112054.2	87541.28	71.11977
348619.1	173426.4	283.9605
363360.6	197917.8	272.0597
83159.25	85350.35	241.6076
198085.6	157948.9	277.4656
255415.8	144805.8	171.6805
303841.9	262837.1	315.4368
276878.9	175418.7	250.9934
124663.1	128330.4	280.7974
172717.2	105409.8	277.9842
290705.2	269289.1	469.7068
604893.4	418784.6	594.0562
346760.1	256790	299.1153
572647.1	474783.4	964.7839
174616.7	97740.23	213.5797
699531.6	485467.5	617.0282
255670.7	119216.2	224.2101
190051.2	202258.4	256.2957
83267.46	53354.05	22.84233
157007.9	111303.8	213.476
370286.7	375293.7	347.0816
67601.51	39930.9	67.95659
90017.73	72883.64	62.9655
509043.1	191255.8	346.952
106938	106675.4	157.7184
611817.8	558375.8	1066.978
240623.1	119616.9	182.5313
1124491	616127	1234.043
91808.66	272562.5	729.2045
513122.3	637283.9	1385.176
632373	331996.9	750.932
582831.1	466707.3	905.6168
70548.56	49439.96	61.12463
218160.8	132436.9	36.63589
526634.1	217764.5	325.756
151525.2	107632.8	98.74577
250149.3	298364.1	553.1163
272164.5	197102.4	187.7038
406544	242466.9	438.2435
811028.9	470711.4	585.189
488092.2	753934.8	801.9059
569178.9	322286.8	550.8088
740727.6	591071.6	585.2797
218701.1	236441.9	346.2908
665355.3	387606.8	841.316
182564.4	127404	280.0973
333484.2	141038.2	188.5335
179198.2	86472.89	161.6724
135806.5	114639.8	111.2818
116223.5	56239.38	95.77705
319813.7	212898.8	269.5188
265549.1	128386	353.019
81335.37	79867.7	70.91235
530017.6	303059.6	456.743
141846.4	75817.7	77.53689
279317.3	201026.4	268.8188
200451.1	190651.7	244.6022
201606.2	138431.5	214.1631
522581.7	220733.9	390.1087
393110.8	361844.3	396.6943
331320.1	244773.7	374.3576
119506.2	60543.66	89.58032
399041.7	304324.5	443.0013
362656.3	275301	220.0098
540302.3	331291.8	898.759
105575.5	91144.1	82.60576
109505.2	51311.17	30.01135
450644.7	636213.9	1273.765
149268.7	112428.2	155.5534
269667.9	191940.1	416.9309
357640.2	249907.7	384.0286
211755.3	145325.2	154.4774
303019.5	240813.4	265.0722
246366.2	136398.8	267.2631
414857.6	291459.4	599.7214
275865.7	115806.1	150.5494
275133	288681.7	542.0711
292650.3	116814.7	176.9308
77462.95	89360.81	51.93325
285766.2	322853.6	321.4391
255913.7	276108.6	264.9944
93502.29	86080.28	113.2653
266737.7	185505.6	119.9158
360518.7	231613.5	407.8044
147027.9	70322.02	149.5123
88211.93	71829.29	152.5847
496119.5	359224.6	451.5056
101347.7	56919.86	146.6991
230987.2	141473.5	199.5139
168398.2	250204.6	364.4532
77652.81	52053.75	115.3914
120964.9	87667.46	134.0464
77228.55	45638.63	100.807
396284.7	189934.5	301.721
107999.1	57815.41	54.9279
225576.8	110001.7	227.101
230220.8	194210.3	311.1328
220041	116430.7	156.7461
242345.4	101078.8	124.155
188676.4	139972.7	217.43
159505.1	124415.4	108.3779
247947.4	127807.3	254.377
148219.8	106752.7	157.5499
357326.8	272290.5	332.3417
312533.4	163333.2	196.3118
342089.9	205957.9	305.8824
204767.9	104925.8	172.2639
336939.5	194846.3	190.4003
159967.8	88659.65	279.6176
252461.6	188919.1	104.2554
322124	131761.3	82.21684
186089	100718.9	237.4073
113532	92746.85	204.7772
130734.1	89441.27	186.4334
134614.5	104272	281.5104
312613.5	234232.5	454.9539
205791.4	144998.5	329.4119
167623.4	180816.8	348.2354
103901.1	56936.59	89.72292
76646.73	51693.66	47.71999
205879.8	112099.8	322.6577
362689.3	301301.1	301.008
72192.98	45892.93	50.71465
669020.3	442196.5	512.4357
231043	173334.7	230.8346
215520.6	119526.4	160.5056
106455.6	56326.94	54.12415
315640.4	247729.8	352.8505
267856.2	108845.8	233.7126
107408.3	88955.3	186.939
172846.6	180682	164.68
235146.2	165910.7	144.5471
248891.4	113902.8	185.9278
83990.48	56606.86	82.35944
130088.1	89966.41	59.75046
98212.35	90766.34	170.06
105765.9	83424.7	97.61792
231473.2	173126.4	304.599
420786.9	248494.9	485.6394
251513.5	87953.54	150.9124
104596.5	85287.59	181.5719
280702.8	129748.7	125.931
483056.1	249820.9	496.8791
431502.7	331555.5	698.6098
246889.4	200184.1	277.5694
126353.6	157045.4	223.5489
233779.9	158785.1	257.8902
457736.4	334170.2	265.3444
385391.9	174939.2	295.8095
729753.9	292617.8	917.6214
118745.1	191828.5	171.9138
154271.6	84462.17	132.4
280466.8	169166.4	440.6937
87649.8	72387.09	136.4317
216949.8	132367.6	270.7115
119188.8	72238.48	91.91382
226591	200898.1	265.9148
468730.3	220247.3	679.0214
106302.8	72619.82	146.025
150983.5	182959.2	241.0112
160898.5	151657.9	288.9516
87737.71	62306.66	89.37289
71076.05	38217.31	60.94314
106048.4	95111.35	140.2301
153129.9	65554.16	180.7163
209266.9	136495.8	152.3514
159220.5	140157.6	218.7523
189474.7	95439.78	201.4715
242534.3	354146	152.5329
258473.2	116892.4	223.7304
143685.1	90735.02	59.93196
210606.5	132859.2	222.4988
200674.5	91801.73	151.055
394626.4	166211.9	246.3264
135140.5	89915.02	99.06987
150181.8	59484.6	86.04118
328944.5	167702.7	156.6035
77524.48	48739.1	51.29802
174314.9	95572.26	145.9083
350849	321040.7	461.4359
131549.1	68571	204.7124
82995.39	97407.01	221.2025
81241.51	86532.58	100.8848
313915.7	201163.6	225.2601
269850.6	103263.8	166.5079
132294.1	99529.91	118.8138
174578.1	124776.6	263.5554
264764.8	149993.7	257.0475
371852.8	137804	157.8999
166173.9	87136.62	213.1
304698.9	138934.4	160.6742
771161.6	368102.5	978.6293
66008.05	40318.57	24.81284
225721.3	163979.6	284.4013
151105.9	83029.2	87.75241
585500.1	607843.8	984.8391
337229.9	226722.7	75.96826
122225.4	127238.5	172.1472
209662	153628.6	300.1783
222692.1	164123	229.1104
262740.4	142195.5	314.0367
222434.8	123759.9	93.37873
170047.4	85396.49	161.1279
98729.24	70677.6	77.45911
103533.8	61435.38	192.6301
345975.6	612500.1	506.5631
224834.6	124120.8	177.7865
344537	180359.9	199.4102
277275.4	170291.6	358.7621
147631.8	80294.56	29.20759
138777.7	96051.26	133.4111
78660.06	48629.28	49.2627
246755.5	141183.4	245.0171
311512.1	167558.3	184.9425
283840.1	137025.8	257.8772
121216.3	81241.48	148.5529
227037.9	154289.8	300.2691
191460.9	104540.3	115.2617
180395.1	82285.88	108.7798
245338.2	140106.9	97.52717
242779.6	179213	109.2984
116690	94090.48	203.7012
173492.7	118737.1	251.7713
465079.1	495809.9	772.9446
173612.3	113357.7	129.8461
239315.3	94969.04	334.7789
438435.3	207561.7	313.1811
76360.37	62400.65	124.1161
203943	128699.2	138.7912
102510.7	71174.91	106.9519
103069.3	86524.34	89.23029
87344.53	67697.39	77.74431
74413.09	47528.41	100.4959
195392.3	164679.3	114.6784
375712.5	194882.3	245.2634
267975.9	213012.3	348.8577
287543	149679.3	298.3764
113888.8	80082.7	149.24
421194.5	291424.7	416.2179
264594.2	172083.3	186.7445
835766.3	792711.3	2155.178
256264.2	167800.7	36.597
94596.67	62079.2	62.74512
307030.8	151436.2	244.3948
172496	285907.4	292.4778
255110	227352.9	261.5849
338850.4	111991.3	110.504
847907.6	593957.5	1773.677
457770.2	348078	653.1844
210459.8	190792.4	225.325
331348.6	280486.2	347.4965
304480.3	149694.1	239.3259
227860.4	141523.9	228.0603
460961	808176.2	1156.507
147241.5	91707.39	211.1036
603900.8	453138	936.756
170509	101107.9	150.7568
112999.1	109171.7	130.9351
224435.5	123282.1	189.6484
130714	126055.1	232.9477
183997.4	168666.3	253.0417
233433.1	236124.4	304.1971
181182.2	130241.8	171.8101
125201.9	70993.7	68.00845
331220.3	128607.8	235.8776
127042.3	83192.27	180.5737
119820.7	63975.34	51.50544
92650.89	67454.09	50.72761
259078.3	156522.5	139.6468
282689.9	197483.5	324.8875
68437.47	44492.69	98.64206
243007.9	160166.5	150.9124
122460.8	90613.01	62.57658
146186.3	121050.2	276.4285
773289.3	351187.3	486.1709
73672.45	98801.55	49.70346
325417.6	151469.5	255.466
97059.88	82041.84	63.04329
198311	108521.2	169.5674
343014	179016.7	293.2297
275903.4	106709	279.5528
102099.4	79337.28	123.416
369193.8	226220.8	460.1654
136723.3	75090.55	110.6336
136383.7	82229.51	107.8723
109720.1	91742.03	227.477
126110.6	122921.6	263.4776
332750.4	154111.2	291.9203
432579.5	159724.7	226.9714
156778.4	127089.3	57.48178
251105.8	138756.1	157.6277
277265	143544.7	145.5453
363548.3	173362.7	162.0743
150671.6	115621.5	192.3449
274876.1	228964.7	315.7739
111029.6	69542.13	76.90166
309200.4	202065.6	311.2235
293146.3	161893.8	200.4603
444259.7	306251.4	850.3259
109214.5	109879.4	87.76538
142674.5	98239.3	158.6648
264416.7	148383.2	253.7418
393096.1	357164.7	469.3049
193029.3	153841.8	125.5032
255574.9	127374.9	237.8351
98677.74	63070.82	73.67365
363001.7	225516.5	405.0042
194071.1	124440.8	275.9229
107756.5	69230.16	41.60105
90900.61	65130.17	197.2193
270321.3	229409.7	278.8528
140792.7	96972.59	218.5449
615018.4	554384.8	670.206
279912.7	109449.8	153.1292
335427.8	174513.9	178.318
187592.8	120477.9	300.7876
651765.7	901113.9	1756.76
128334.3	57900.44	147.9436
306129.2	115527.5	136.9503
101907.7	55845.41	50.98689
191286.3	108797.7	242.0354
199033.3	152204.5	322.4114
382672.9	416186.3	632.5978
250442.6	210509.6	354.6525
802831.1	680132.1	757.8677
88089.66	111593.4	215.5632
182170.4	172161.5	287.0848
334703.1	272728	312.8959
186547.8	166286.3	140.8913
175730.7	160970.8	228.2418
243148.2	214900.5	270.2837
312438.1	160879.6	277.6731
107720.1	109411.8	116.7785
241286.7	94940.88	107.5482
131388.7	111307.4	36.54514
82392.62	125422.9	152.5458
81948.36	53270.75	28.22234
106776.6	82573.98	-49.84607
325693.3	319100.9	261.896
308726.6	228934.5	359.851
196782.2	111131.4	68.07327
111966.9	91058.32	90.42297
1150328	973193.4	1611.733
127729.9	129841.1	185.6944
190559.2	171782.2	43.92158
152814.4	99914.83	219.6468
402321.4	179494.6	120.4603
205126.9	224922.9	361.64
161953.8	146748.8	196.2081
137784	222253.5	380.1135
226233.5	290971.3	436.1045
226258.2	148606.6	276.636
69738.34	36373.96	24.99434
93875.15	57639.45	89.50253
197213.7	129669.9	260.12
385840.4	299369.8	400.5576
102778.6	77243.34	104.3332
104053.3	82344.05	104.8777
604997.3	236758.6	444.9199
104148.7	87136.97	82.85207
242699.1	103311	144.3916
78994.87	70124.43	144.1452
149596.7	125349.8	148.2029
202324.8	120453	161.7242
226234.8	217780.2	263.1924
306175	131764.1	161.5038
108847.8	57390.3	109.415
123323.5	104810.9	132.9056
537777.1	357982	372.9834
264560.7	124418.7	443.5717
385450.6	315856.2	234.1663
203230.3	96014.96	216.8207
128095.9	84214.21	-82.51501
289988.5	107410.2	76.91462
223892.3	111649.7	210.0017
364547.7	136267.4	332.5491
342871.9	171645.7	288.0571
496028.3	363112.5	1053.651
113323.8	76425.19	87.58389
366704.1	208440.4	368.9257
318903.8	153905.8	117.8286
224868.8	169127.6	329.4119
85242.12	52319.17	80.81674
479819.4	357822.3	658.7978
368554	183121	343.7888
146818.4	69033.33	413.4048
165910.3	62339.05	600.8882
128241.9	58887.96	353.4209
419686	134553.7	168.7118
115517.9	36281.86	-88.36172
481736.2	84311	27.13337
212927.6	108252.1	121.99
83665.58	60289.81	95.59555
79608.1	57945.27	30.12803
125039.5	102347.9	179.5366
304046.6	176065.1	244.7708
269176.3	211960.9	431.7227
185547.9	94799.72	189.1947
285014.3	97887.56	274.5877
309775	133194.4	262.5831
355601.6	165296.7	197.4786
151015.8	74558.65	114.2765
334569.3	267919.3	322.4632
186677	89285.45	-10.28035
450957	245475.6	298.7912
305746.2	159816.5	293.9427
144100.7	119079.3	-44.10307
89740.85	138596.9	141.1635
344904.5	153473.2	147.3084
133526	119831.7	261.7275
337627.7	171843.7	259.1736
130108.2	85498.67	40.66765
275553.1	150799.4	194.2376
246229.6	93419.02	63.52295
371513.4	291790.2	303.2378
308249.8	131899.9	132.7111
151009.3	76273.25	150.6142
160839.8	95344.03	266.3427
88108	53164.48	124.6865
447216.6	338917.9	540.8137
202656.5	110640.6	68.0603
124705.5	65237.08	71.71611
979299.2	507298.3	1672.209
72302.84	85752.67	77.00537
506903.6	471134.7	503.8536
230581.4	205906.3	246.5209
175461.2	115148.1	91.09709
335962.6	204420.2	286.7607
443117.2	296792.1	151.4957
400401.3	272695.8	363.6105
251980.3	151158.7	318.1981
150079.5	141998.2	62.04507
228288.8	188154.2	272.4616
795368.6	515650.9	598.3732
287459.5	121517.4	200.9788
218309.5	184839.7	228.0863
303967.7	330929.8	310.5883
287917.1	210815.1	295.4465
230943.3	224410.9	327.6617
85197.13	116854.7	171.9398
78986.86	191701.7	231.3532
140073.9	184015.2	-132.5426
203885.4	165518.3	144.1971
126179.8	154933.2	127.7589
321512.2	222004.6	285.8144
269895	216460.1	225.5842
90300.68	71671.85	5.872632
316793.1	187477.2	273.7969
210713	135116.9	249.5544
287574	144787	95.2196
128025.9	77695.05	113.369
206160.8	136126.1	78.4314
179535.3	149672.2	233.3107
199216.5	167513.5	291.8815
178322.4	187773.1	224.8842
70509.05	50938.3	42.88447
359428.3	174536.4	344.7611
123282	70356.06	158.7037
137725.2	82639.85	103.7109
172805	200939.6	327.5062
285233.8	236677.2	479.3001
311664.5	240942	372.7112
464441.8	365817.9	588.4688
165675	185868.9	293.9427
126962.5	83480.19	51.8425
99559.95	56569.73	-5.83374
437179.4	317785.4	335.2715
169425.5	118466.6	223.9119
231556.4	90507.73	138.3504
355980.4	231857.7	403.1892
428721.8	280585.9	949.2014
71914.09	56805.18	79.77963
222347.9	85878.71	157.4073
237283.2	109235.4	257.8124
226544.7	99352.39	182.2979
405797.8	311435.5	683.4421
388701.8	266212.8	567.96
300408.7	134519.2	193.0709
185407.5	88321.42	203.3253
84386.85	75709.83	153.9978
241944.9	112373.4	239.9093
245591.3	120329.2	362.7809
75053.71	59441.18	131.3629
184934.3	126662.8	205.8662
300273.7	137007.5	412.3158
384991.1	222570.3	502.9203
525340.5	205039.3	326.5209
385052.3	498742.8	516.1045
76101.41	86059.13	111.1133
145484.2	156594.2	187.9501
89044.7	81770.8	87.94687
233727.9	144263	269.8299
321622.8	137666.1	284.9199
556660.1	488831.6	1110.485
146599	94184.46	174.1825
511779.7	424947.4	601.7827
403699.4	228400.5	199.5139
118453.7	51037.14	46.20322
182905	101950	7.739429
98610.25	59010	137.0281
83725.59	52222.9	64.35264
190813.8	152750	237.7573
126945.4	67241.49	111.8393
464736.9	226153.3	518.6195
260842	220328.4	348.9225
412485.6	245123.7	361.5104
248671.7	121794.9	248.3618
116843.4	88835.18	26.18701
386368.2	310464.2	405.4709
97116.09	73949.28	133.3852
341728.9	342474.1	651.4084
397876.4	145482.7	155.5664
562851.8	220290.3	387.73630000000003
203521.3	239550.3	331.2787
171501.4	183075.6	161.8928
266641.5	162014.4	241.6854
460811.4	369219.3	596.8046
424050.8	302655.9	386.0899
141957.3	76814.45	258.1624
94190.67	63433.82	205.4384
74383.02	37510.83	71.36609
195502.8	116229.1	278.5027
280573.3	136647.9	164.7448
232699.6	120082.8	121.2122
109487.4	75439.91	140.2431
205780.1	87704.52	102.9461
73771.45	58009.95	113.1875
112936.9	53193.65	127.0718
287497.3	227537.6	151.9236
319035	234064.7	270.9578
216527.3	120795.3	271.58
133003.4	152744.7	235.1516
205546.7	158881	126.0995
184201.6	82632.2	113.1227
81219.63	84416.24	138.0522
335405.2	206496.5	600.9271
258159.8	124545.1	355.0933
163336.9	155067.4	222.2655
244788.3	181779.2	168.9451
616309.8	311663.9	764.7515
132128.6	66489.72	99.381
112580.8	53504.41	127.2404
346088.8	223867	241.6335
90349.02	90708.8	66.73798
398920.7	329120.9	134.4483
286384.6	142816.2	216.0947
161613.8	145089.1	259.8737
97659.89	88895.83	184.5536
104900.6	87413.29	188.3131
395856.6	266898.4	402.554
74594.22	62868.65	58.75224
115378.2	85381.02	92.47126
387393.2	250242.3	287.5775
141950.9	101900.7	150.6401
74365.25	51092.87	95.23257
81636.27	63764.43	146.4398
380449.3	179784.6	117.5563
374007.3	217877.5	275.1581
135663.7	94092.33	165.5226
371455.1	574518.6	1066.9
500444.3	315624.2	281.8085
115272.3	181514	229.1364
431959	160803.8	453.3464
99206.38	107617.5	105.6814
180367.4	198071.7	128.1089
74113.39	67403.2	43.29932
448141.8	227463.8	234.4386
134904.7	85402.65	147.9825
238832.2	95289.54	415.5697
367866.9	316714.4	305.6232
236496.5	114106.5	187.5612
176426.3	175545.5	234.6071
112045.2	78093.44	173.5473
122174.9	102908.7	182.972
285482.3	163537.9	197.7249
104027.1	108161.9	127.357
464512	260565.1	239.676
364708.5	297216.3	720.9595
274532.5	242355.5	516.1693
424680.7	420372.6	673.2525
285731.4	133506.3	272.5135
332900.3	150084.8	194.3672
839091.9	833005.3	1941.806
508038.4	580974.1	1316.338
218563.3	107432.1	78.7166
455508.2	308707.6	500.1849
320579.9	345440.5	197.3619
83760.48	56321.84	30.46509
363422.9	273489	379.9839
358078.5	138066.2	234.0626
195615.7	98722.16	192.1504
316309	268408.8	256.6198
188475.9	280957.8	426.226
87970.65	41560.42	44.71238
587031	780953.8	708.0216
1020550	454486.4	1110.809
389620.3	222419.2	112.6041
311189.5	175431.5	216.5873
552101.9	684503.1	911.5932
475245.1	354241.1	406.4691
84870.47	59723.91	172.7435
284455	138622.1	236.5128
121141.2	90985.13	63.13403
109654	72168.82	153.8163
125478.3	79058.47	163.8373
90961.49	102056.8	60.29494
241277.9	126018.6	313.4533
197362.4	156899	221.1636
84475.03	109320.1	153.3237
360627	173747.9	236.5517
132040.7	87091.97	125.4513
100958.8	105644.8	181.1052
232435.1	143480.7	148.19
131006.7	185716.5	291.3111
575338.3	363774.3	722.8134
180187.4	128761.6	215.8484
224934.7	95059.76	283.1957
118044.1	103838.6	162.3984
363703.4	244428.2	463.8601
83583	72148.34	165.3801
136013.5	107964	170.2934
263920.3	187727.9	212.9445
224667	156724.3	221.2413
830861.5	690074.2	845.1923
648567.8	324466.4	790.6921
563064.7	465044.6	763.9996
564979.2	553945.5	704.3139
153998.8	102309.4	196.3248
368183.1	161115.4	223.7952
657011.9	332619.8	1200.48
637855.3	765636.6	1347.244
234188.6	152022.9	228.3067
369151	285245.2	489.7101
370893.6	179495.9	374.4742
459348.1	255461.8	515.3267
215127	124772.9	195.7155
251322.5	237790	411.3176
75398.73	40906.48	31.63184
269425.1	154481.4	216.0947
154676.9	134886.4	282.9234
319564.9	198055.3	543.4583
144641.6	66543.52	112.3578
93087.24	67389.13	26.0833
124860.7	85082.84	133.5149
89926.48	75504	105.3444
238177.2	127814	253.2491
98499.58	60546.09	23.94426
392367.4	136450.3	274.0302
267127	147480.6	275.3136
369224.1	168776.7	418.5514
369682.3	191340.2	325.3801
71839.68	100102.7	244.0059
249139	229327.4	250.3971
258721.7	128755.1	155.1904
82048.82	60600.92	50.98689
602043.4	534086.8	985.9928
279485	135596.5	332.3028
251267.4	93102.98	198.5287
1021491	559868.8	658.4348
307874.8	184409.3	168.6469
482472.3	356634.7	561.8929
172565.5	98537.68	168.5043
370299.3	255650.7	706.6993
95157.79	75255.1	101.533
76901.81	57252.49	117.8156
712331.1	656389.6	878.2112
202259.5	154795.2	93.08057
210939.5	144570.2	202.6512
78186.78	55383.96	80.49265
335128.9	178697.7	335.7642
234063.4	104543.9	170.1637
115186.7	105865.1	63.05625
250298.4	151432.1	160.2075
273585.3	160089.5	338.7458
193870.9	102191.6	90.33222
778345.3	551369.7	1008.563
731100.8	358659	426.4853
167719.7	88068.62	270.3874
352275.9	200463.2	382.2396
70494.03	42499.5	97.57903
202778.2	215014	227.3473
218416.3	116732.4	182.6738
123134.9	123563.4	224.3786
102042.5	58379.47	86.98755
510792.5	451395	707.2308
159022.1	132162.1	210.8962
98115.69	107832.2	119.3065
158673.7	145176.6	135.8613
653651.6	536646.1	1470.504
186237.4	255273.7	130.9221
676091.6	296628.4	621.5007
595029.1	325455.8	1089.691
105062.2	77596.41	50.88318
150645.5	63639.62	167.4543
120483.4	73060.81	168.608
500495.2	544982.1	516.2601
438243.6	223603.2	378.7264
150777.3	88965.53	151.6772
206676.5	179321.9	338.9273
126813.9	79103.83	56.70395
108827.4	60636.34	96.26968
91053.45	60230.27	216.2632
117304.1	54713.92	98.34389
512418.3	429720.9	652.3547
329043.1	293477.2	296.4836
279587.4	99327.63	43.06596
177032.9	100544.3	118.412
562587.4	497507.7	614.254
148658.9	100031.9	129.6257
74364.93	52805.16	75.25525
177481.1	163012.8	116.7137
78236.86	44975.95	105.2796
547606.6	289342.4	394.2312
218043.6	174963.3	239.4556
668270.5	686478.1	842.5217
315550.7	202092	426.7705
165618.7	189061.4	300.2432
313562.5	137520.7	305.2343
312609.7	213785.7	137.3003
106630	95219.58	193.8098
185349.2	117692.9	159.8963
77121.09	59142.91	110.0114
274559.1	133052.1	283.4679
122862.7	91214.82	65.36382
127475	54863.76	69.59003
136545.9	97366.2	237.7184
270732.3	157782.8	156.072
284424.4	199480.9	234.3608
271300	125690.2	161.3613
443305.1	263001.1	318.1074
505774.8	233447.4	431.9431
194662.3	130916.4	79.00181
105837.3	84930.73	121.4844
309351.3	202762.6	310.1087
286555.1	162836.8	364.8551
434037.2	360713.2	680.2659
267746.9	140276.1	478.8723
258338	154729.2	100.3274
340541.7	147292.3	260.8978
350202.2	383032.9	761.8735
812315.4	705550.9	1626.719
1022414	802390.8	1158.84
565858.9	302145	956.4871
163429.7	156728.3	191.4374
163323.8	166453.1	225.325
184215.9	168775.9	213.3982
374298.2	197155	101.7145
114648.5	105827	52.94443
112011.8	173948.5	204.518
570973.1	342826.1	652.7437
390853	285766.8	648.2841
98626.47	66157.01	135.6798
93065.19	81218.52	123.6883
271116.4	167286.6	232.144
562133.1	335532.3	804.4468
188629.6	78027.26	23.73684
614650.4	394312.9	565.808
513446.2	539447.3	1142.065
255076.2	138300	289.5091
749812.6	345300.3	812.277
822327.8	1050755	1389.74
319116.6	187841.5	252.1731
